﻿BreedID;BreedCode;BreedE;BreedH;BreedActive
1;01 ;Hungarian Fleckvieh;Magyartarka;1
2;03 ;Badgerhoary;Borzderes;1
3;04 ;Hungarian Grey;Magyar szürke;1
4;12 ;Jersey;Jersey;1
5;13 ;Europen black spotted;Európai feketetarka;1
6;14 ;Ayrshire;Ayrshire;1
7;15 ;Kostroma;Kosztromai;1
8;16 ;Charolais;Charolais;1
9;17 ;Hereford;Hereford;1
10;18 ;Aberdeen angus;Aberdeen angus;1
11;19 ;Mocha cattle;Mokány marha;1
12;20 ;Transylvanian red multicolored ;Erdélyi pirostarka;1
13;21 ;Brangus;Brangus;1
14;22 ;Holstein-fríz;Holstein-fríz;1
15;23 ;Dexter;Dexter;1
16;24 ;Pinzgaui;Pinzgaui;1
17;25 ;Braford;Braford;1
18;26 ;Tarentaise;Tarentaise;1
19;27 ;European red star flats ;Európai vöröstarka lapály;1
20;28 ;Meuse-Rhine-Yssel (MRY);Meuse-Rhine-Yssel (MRY);1
21;29 ;Salers;Salers;1
22;30 ;Wagyu;Wagyu;1
23;31 ;Limousin;Limousin;1
24;32 ;Chianina;Chianina;1
25;33 ;Carpathian badgerhoary;Kárpáti borzderes;1
26;34 ;Murray grey;Murray grey;1
27;35 ;British white;British white;1
28;36 ;Parthenaise;Parthenaise;1
29;46 ;Swedish red star flat;Svéd vöröstarka lapály;1
30;50 ;Galloway;Galloway;1
31;60 ;SMR;SMR;1
32;61 ;Danish red ;Dán vörös;1
33;62 ;Norwegian red ;Norvég vörös;1
34;63 ;Montbeliarde;Montbeliarde;1
35;64 ;Santa gertrudis;Santa gertrudis;1
36;65 ;Normande;Normande;1
37;70 ;Lincoln Red;Lincoln Red;1
38;71 ;Ancestor bullock;Őstulok;0
39;72 ;Marchigiana;Marchigiana;0
40;80 ;Zebu;Zebu;0
41;81 ;Blue Belgian;Kék belga;1
42;82 ;Blonde d'aquitaine;Blonde d'aquitaine;1
43;83 ;Shever;Shever;0
44;84 ;Eringer;Eringer;0
45;85 ;Angelni;Angelni;0
46;86 ;Maine Anjou;Maine Anjou;0
47;87 ;Piemonti;Piemonti;0
48;88 ;Brown Swiss;Brown Swiss;1
49;89 ;Aubrac;Aubrac;0
50;90 ;Jak;Jak;0
51;91 ;Watussi;Watussi;0
52;92 ;Scottish Highlands ;Skót felföldi;0
53;95 ;Other buffalo ;Egyéb bivaly;0
54;96 ;Bison;Bölény;0
55;97 ;Hungarian domestic buffalo ;Magyar házibivaly;0
56;98 ;Other beef;Egyéb húshasznú;1
57;99 ;Other beef;Egyéb tejhasznú;1
58;55 ;Charolais cross;Charolais cross;1
59;56 ;Charolais strong;Charolais strong;1
