﻿ClassID;ClassrCode;ClassDetailE;ClassDetailH;ClassActive
1;BC HF;Breeding cattle  HF;Tenyészmarha HF;1
2;BC SI;Breeding cattle  SIM;Tenyészmarha SIM;1
3;BC BS;Breeding cattle  BROWN SWISS;Tenyészmarha BROWN SWISS;1
4;BC LI;Breeding cattle  LIMUSIN;Tenyészmarha LIMUSIN;1
5;BC CH;Breeding cattle  CHAROLAIS;Tenyészmarha CHAROLAIS;1
6;BC AN;Breeding cattle  ANGUS;Tenyészmarha ANGUS;1
7;BC JE;Breeding cattle  JERSEY;Tenyészmarha JERSEY;1
8;CHF_0;COW_HF_0;Tehén_HF_0;1
9;CHF_2;COW_HF_II;Tehén_HF_II;1
10;CHF_3;COW_HF_III;Tehén_HF_III;1
11;CHF_4;COW_HF_IV;Tehén_HF_IV;1
12;CHF_5;COW_HF_V;Tehén_HF_V;1
13;MEAT0;COW_MEAT_0;Tehén_MEAT_0;1
14;MEAT2;COW_MEAT_II;Tehén_MEAT_II;1
15;MEAT3;COW_MEAT_III;Tehén_MEAT_III;1
16;MEAT4;COW_MEAT_IV;Tehén_MEAT_IV;1
17;MEAT5;COW_MEAT_V;Tehén_MEAT_V;1
18;BC_A;Import;Import;1
19;BC_B;Import;Import;1
20;BC_C;Import;Import;1
21;BC_D;Import;Import;1
22;S-;Fattening-Cutting S-;Hízó-Vágó S-;1
23;S;Fattening-Cutting S;Hízó-Vágó S;1
24;S+;Fattening-Cutting S+;Hízó-Vágó S+;1
25;E-;Fattening-Cutting E-;Hízó-Vágó E-;1
26;E;Fattening-Cutting E;Hízó-Vágó E;1
27;E+;Fattening-Cutting E+;Hízó-Vágó E+;1
28;U-;Fattening-Cutting U-;Hízó-Vágó U-;1
29;U;Fattening-Cutting U;Hízó-Vágó U;1
30;U+;Fattening-Cutting U+;Hízó-Vágó U+;1
31;R-;Fattening-Cutting R-;Hízó-Vágó R-;1
32;R;Fattening-Cutting R;Hízó-Vágó R;1
33;R+;Fattening-Cutting R+;Hízó-Vágó R+;1
34;O-;Fattening-Cutting O-;Hízó-Vágó O-;1
35;O;Fattening-Cutting O;Hízó-Vágó O;1
36;O+;Fattening-Cutting O+;Hízó-Vágó O+;1
37;P-;Fattening-Cutting P-;Hízó-Vágó P-;0
38;P;Fattening-Cutting P;Hízó-Vágó P;0
39;P+;Fattening-Cutting P+;Hízó-Vágó P+;0
