﻿ColourID;ColourCodeE;ColourCodeH;ColourDetailH;ColourDetailE;ColourActive
1;CC;NK;Nem kategorizálható;Cannot be categorized ;0
2;BLS;FT;Feketetarka;Black spotted;1
3;RS;VT;Vöröstarka;Red spotted;1
4;BR;FV;Fekete-vörös;Blaarkop red;1
5;WR;ZT;Zsemletarka  ;White-Red;1
6;OS;ET;Egyéb tarka;Other spotted;1
7;OCB;EF;Egyszínű fekete ;One coloured black;1
8;OCR;EV;Egyszínű vörös;One coloured red;1
9;OCB;EZ;Egyszínű zsemleszínű;One coloured brown;1
10;OCW;EE;Egyszínű egyéb;One coloured white;1
11;OCG;BD;Borzderes;One coloured grey;1
12;BRS;BT;Barnatarka;Spotted brown ;1
13;MBS;MB;Mahagóni barnatarka;Mahogany Brown spotted;1
14;SW;EFE;Egyszínű fehér;Solid white;1
15;SC;TF;Tejfel;Sour cream;1
16;MX;VD;Vadas;Mixed;1
17;REB;VB;Vörösbarna;Red-brown;1
18;WHC;BS;Búzaszín;Wheat color;1
19;GR;SZ;Szürke;Grey;1
20;GRW;SZF;Szürkésfehér;Greyish white;1
21;LS;VE;Világos ezüst;Light silver;1
22;SI;ES;Ezüst;Silver;1
23;DS;ME;Mély ezüst;Deep Silver;1
