﻿CountryCodeID;CountryCodeDetailE;CountryCodeDetailH;CountryCodeISO2;CountryCodeISO3;CountryCodeNumeric
1;Afghanistan;Afganisztán;AF;AFG;4
2;Albania;Albánia;AL;ALB;8
3;Algeria;Algéria;DZ;DZA;12
4;American Samoa;Amerikai Szamoa;AS;ASM;16
5;Andorra;Andorra;AD;AND;20
6;Angola;Angola;AO;AGO;24
7;Anguilla;Anguilla;AI;AIA;660
8;Antarctica;Antarktisz;AQ;ATA;10
9;Antigua and Barbuda;Antigua és Barbuda;AG;ATG;28
10;Argentina;Argentína;AR;ARG;32
11;Armenia;Örményország;AM;ARM;51
12;Aruba;Aruba;AW;ABW;533
13;Australia;Ausztrália;AU;AUS;36
14;Austria;Ausztria;AT;AUT;40
15;Azerbaijan;Azerbajdzsán;AZ;AZE;31
16;Bahamas ;Bahama-szigetek;BS;BHS;44
17;Bahrain;Bahrein;BH;BHR;48
18;Bangladesh;Banglades;BD;BGD;50
19;Barbados;Barbados;BB;BRB;52
20;Belarus;Fehéroroszország;BY;BLR;112
21;Belgium;Belgium;BE;BEL;56
22;Belize;Belize;BZ;BLZ;84
23;Benin;Benin;BJ;BEN;204
24;Bermuda;Bermuda;BM;BMU;60
25;Bhutan;Bhután;BT;BTN;64
26;Bolivia (Plurinational State of);Bolívia;BO;BOL;68
27;Bonaire, Sint Eustatius and Saba;Bonaire, Sint Eustatius és Saba;BQ;BES;535
28;Bosnia and Herzegovina;Bosznia-Hercegovina;BA;BIH;70
29;Botswana;Botswana;BW;BWA;72
30;Bouvet Island;Bouvet Sziget;BV;BVT;74
31;Brazil;Brazília;BR;BRA;76
32;British Indian Ocean Territory ;Brit-Indiai Óceáni területek;IO;IOT;86
33;Brunei Darussalam;Brunei;BN;BRN;96
34;Bulgaria;Bulgária;BG;BGR;100
35;Burkina Faso;Burkina Faso;BF;BFA;854
36;Burundi;Burundi;BI;BDI;108
37;Cabo Verde;Zöld-foki Köztársaság;CV;CPV;132
38;Cambodia;Kambodzsa;KH;KHM;116
39;Cameroon;Kamerun;CM;CMR;120
40;Canada;Kanada;CA;CAN;124
41;Cayman Islands ;Kajmán-szigetek;KY;CYM;136
42;Central African Republic ;Közép-afrikai Köztársaság;CF;CAF;140
43;Chad;Csád;TD;TCD;148
44;Chile;Chile;CL;CHL;152
45;China;Kína;CN;CHN;156
46;Christmas Island;Karácsony-sziget;CX;CXR;162
47;Cocos (Keeling) Islands ;Kókusz (Keeling)-szigetek;CC;CCK;166
48;Colombia;Kolumbia;CO;COL;170
49;Comoros ;Comore-szigetek;KM;COM;174
50;Congo (the Democratic Republic of the);Kongói Demokratikus Közt.;CD;COD;180
51;Congo ;Kongó;CG;COG;178
52;Cook Islands ;Cook-szigetek;CK;COK;184
53;Costa Rica;Costa Rica;CR;CRI;188
54;Croatia;Horvátország;HR;HRV;191
55;Cuba;Kuba;CU;CUB;192
56;Curaçao;Curaçao;CW;CUW;531
57;Cyprus;Ciprus;CY;CYP;196
58;Czechia;Csehország;CZ;CZE;203
59;Côte d'Ivoire;Elefántcsontpart;CI;CIV;384
60;Denmark;Dánia;DK;DNK;208
61;Djibouti;Dzsibuti;DJ;DJI;262
62;Dominica;Dominikai Közösség;DM;DMA;212
63;Dominican Republic ;Dominikai Köztársaság;DO;DOM;214
64;Ecuador;Ecuador;EC;ECU;218
65;Egypt;Egyiptom;EG;EGY;818
66;El Salvador;Salvador;SV;SLV;222
67;Equatorial Guinea;Egyenlítői-Guinea;GQ;GNQ;226
68;Eritrea;Eritrea;ER;ERI;232
69;Estonia;Észtország;EE;EST;233
70;Eswatini;Szváziföld;SZ;SWZ;748
71;Ethiopia;Etiópia;ET;ETH;231
72;Falkland Islands  [Malvinas];Falkland-szigetek (Malvinas);FK;FLK;238
73;Faroe Islands ;Feröer;FO;FRO;234
74;Fiji;Fidzsi-szigetek;FJ;FJI;242
75;Finland;Finnország;FI;FIN;246
76;France;Franciaország;FR;FRA;250
77;French Guiana;Francia Guyana;GF;GUF;254
78;French Polynesia;Francia Polinézia;PF;PYF;258
79;French Southern Territories ;Francia déli területek;TF;ATF;260
80;Gabon;Gabon;GA;GAB;266
81;Gambia ;Gambia;GM;GMB;270
82;Georgia;Grúzia;GE;GEO;268
83;Germany;Németország;DE;DEU;276
84;Ghana;Ghána;GH;GHA;288
85;Gibraltar;Gibraltár;GI;GIB;292
86;Greece;Görögország;GR;GRC;300
87;Greenland;Grönland;GL;GRL;304
88;Grenada;Grenada;GD;GRD;308
89;Guadeloupe;Guadeloupe;GP;GLP;312
90;Guam;Guam;GU;GUM;316
91;Guatemala;Guatemala;GT;GTM;320
92;Guernsey;Guernsey;GG;GGY;831
93;Guinea;Guinea;GN;GIN;324
94;Guinea-Bissau;Bissau-Guinea;GW;GNB;624
95;Guyana;Guyana;GY;GUY;328
96;Haiti;Haiti;HT;HTI;332
97;Heard Island and McDonald Islands;Heard és McDonald-szigetek;HM;HMD;334
98;Holy See ;Vatikán;VA;VAT;336
99;Honduras;Honduras;HN;HND;340
100;Hong Kong;HongKong;HK;HKG;344
101;Hungary;Magyarország;HU;HUN;348
102;Iceland;Izland;IS;ISL;352
103;India;India;IN;IND;356
104;Indonesia;Indonézia;ID;IDN;360
105;Iran (Islamic Republic of);Irán;IR;IRN;364
106;Iraq;Irak;IQ;IRQ;368
107;Ireland;Írország;IE;IRL;372
108;Isle of Man;Man-sziget;IM;IMN;833
109;Israel;Izrael;IL;ISR;376
110;Italy;Olaszország;IT;ITA;380
111;Jamaica;Jamaica;JM;JAM;388
112;Japan;Japán;JP;JPN;392
113;Jersey;Jersey;JE;JEY;832
114;Jordan;Jordánia;JO;JOR;400
115;Kazakhstan;Kazahsztán;KZ;KAZ;398
116;Kenya;Kenya;KE;KEN;404
117;Kiribati;Kiribati;KI;KIR;296
118;Korea (the Democratic People's Republic of);Koreai Népi Demokratikus Közt.;KP;PRK;408
119;Korea (the Republic of);Koreai Köztársaság;KR;KOR;410
120;Kuwait;Kuvait;KW;KWT;414
121;Kyrgyzstan;Kirgizisztán;KG;KGZ;417
122;Lao People's Democratic Republic ;Laosz;LA;LAO;418
123;Latvia;Lettország;LV;LVA;428
124;Lebanon;Libanon;LB;LBN;422
125;Lesotho;Lesotho;LS;LSO;426
126;Liberia;Libéria;LR;LBR;430
127;Libya;Líbia;LY;LBY;434
128;Liechtenstein;Liechtenstein;LI;LIE;438
129;Lithuania;Litvánia;LT;LTU;440
130;Luxembourg;Luxemburg;LU;LUX;442
131;Macao;Makao;MO;MAC;446
132;Madagascar;Madagaszkár;MG;MDG;450
133;Malawi;Malawi;MW;MWI;454
134;Malaysia;Malajzia;MY;MYS;458
135;Maldives;Maldív-szigetek;MV;MDV;462
136;Mali;Mali;ML;MLI;466
137;Malta;Málta;MT;MLT;470
138;Marshall Islands ;Marshall-szigetek;MH;MHL;584
139;Martinique;Martinique;MQ;MTQ;474
140;Mauritania;Mauritánia;MR;MRT;478
141;Mauritius;Mauritius;MU;MUS;480
142;Mayotte;Mayotte;YT;MYT;175
143;Mexico;Mexikó;MX;MEX;484
144;Micronesia (Federated States of);Mikronézia;FM;FSM;583
145;Moldova (the Republic of);Moldova;MD;MDA;498
146;Monaco;Monaco;MC;MCO;492
147;Mongolia;Mongólia;MN;MNG;496
148;Montenegro;Montenegró;ME;MNE;499
149;Montserrat;Montserrat;MS;MSR;500
150;Morocco;Marokkó;MA;MAR;504
151;Mozambique;Mozambik;MZ;MOZ;508
152;Myanmar;Mianmar;MM;MMR;104
153;Namibia;Namíbia;NA;NAM;516
154;Nauru;Nauru;NR;NRU;520
155;Nepal;Nepál;NP;NPL;524
156;Netherlands;Hollandia;NL;NLD;528
157;New Caledonia;Új-Kaledónia;NC;NCL;540
158;New Zealand;Új-Zéland;NZ;NZL;554
159;Nicaragua;Nicaragua;NI;NIC;558
160;Nigeria;Niger;NE;NER;562
161;Nigeria;Nigéria;NG;NGA;566
162;Niue;Niue;NU;NIU;570
163;Norfolk Island;Norfolk szigetek;NF;NFK;574
164;Northern Mariana Islands ;Észak Mariana szigetek;MP;MNP;580
165;Norway;Norvégia;NO;NOR;578
166;Oman;Omán;OM;OMN;512
167;Pakistan;Pakisztán;PK;PAK;586
168;Palau;Palau;PW;PLW;585
169;Palestine, State of;Palesztina;PS;PSE;275
170;Panama;Panama;PA;PAN;591
171;Papua New Guinea;Pápua Új-Guinea;PG;PNG;598
172;Paraguay;Paraguay;PY;PRY;600
173;Peru;Peru;PE;PER;604
174;Philippines ;Fülöp-szigetek;PH;PHL;608
175;Pitcairn;Pitcairn szigetek;PN;PCN;612
176;Poland;Lengyelország;PL;POL;616
177;Portugal;Portugália;PT;PRT;620
178;Puerto Rico;Puerto Rico;PR;PRI;630
179;Qatar;Katar;QA;QAT;634
180;Republic of North Macedonia;Macedónia;MK;MKD;807
181;Romania;Románia;RO;ROU;642
182;Russian Federation ;Oroszország;RU;RUS;643
183;Rwanda;Ruanda;RW;RWA;646
184;Réunion;Réunion;RE;REU;638
185;Saint Barthélemy;Saint-Barthélemy;BL;BLM;652
186;Saint Helena, Ascension and Tristan da Cunha;Szent Ilona;SH;SHN;654
187;Saint Kitts and Nevis;Saint Kitts és Nevis;KN;KNA;659
188;Saint Lucia;Saint Lucia;LC;LCA;662
189;Saint Martin (French part);Saint-Martin;MF;MAF;663
190;Saint Pierre and Miquelon;Saint Pierre és Miquelon;PM;SPM;666
191;Saint Vincent and the Grenadines;Saint Vincent;VC;VCT;670
192;Samoa;Szamoa;WS;WSM;882
193;San Marino;San Marino;SM;SMR;674
194;Sao Tome and Principe;São Tomé és Príncipe;ST;STP;678
195;Saudi Arabia;Szaúd-Arábia;SA;SAU;682
196;Senegal;Szenegál;SN;SEN;686
197;Serbia;Szerbia;RS;SRB;688
198;Seychelles;Seychelle-szigetek;SC;SYC;690
199;Sierra Leone;Sierra Leone;SL;SLE;694
200;Singapore;Szingapúr;SG;SGP;702
201;Sint Maarten (Dutch part);Sint Marteen;SX;SXM;534
202;Slovakia;Szlovákia;SK;SVK;703
203;Slovenia;Szlovénia;SI;SVN;705
204;Solomon Islands;Salamon-szigetek;SB;SLB;90
205;Somalia;Szomália;SO;SOM;706
206;South Africa;Dél-Afrika;ZA;ZAF;710
207;South Georgia and the South Sandwich Islands;Déli-Georgia és Déli-Sandwich-szigetek;GS;SGS;239
208;South Sudan;Dél-Szudán;SS;SSD;728
209;Spain;Spanyolország;ES;ESP;724
210;Sri Lanka;Srí Lanka;LK;LKA;144
211;Sudan ;Szudán;SD;SDN;729
212;Suriname;Suriname;SR;SUR;740
213;Svalbard and Jan Mayen;Svalbard és Jan Mayen;SJ;SJM;744
214;Sweden;Svédország;SE;SWE;752
215;Switzerland;Svájc;CH;CHE;756
216;Syrian Arab Republic;Szíria;SY;SYR;760
217;Taiwan (Province of China);Tajvan;TW;TWN;158
218;Tajikistan;Tádzsikisztán;TJ;TJK;762
219;Tanzania, United Republic of;Tanzánia;TZ;TZA;834
220;Thailand;Thaiföld;TH;THA;764
221;Timor-Leste;Kelet-Timor;TL;TLS;626
222;Togo;Togo;TG;TGO;768
223;Tokelau;Tokelau;TK;TKL;772
224;Tonga;Tonga;TO;TON;776
225;Trinidad and Tobago;Trinidad és Tobago;TT;TTO;780
226;Tunisia;Tunézia;TN;TUN;788
227;Turkey;Törökország;TR;TUR;792
228;Turkmenistan;Türkmenisztán;TM;TKM;795
229;Turks and Caicos Islands ;Turks- és Caicos-szigetek;TC;TCA;796
230;Tuvalu;Tuvalu;TV;TUV;798
231;Uganda;Uganda;UG;UGA;800
232;Ukraine;Ukrajna;UA;UKR;804
233;United Arab Emirates ;Arab Emírségek;AE;ARE;784
234;United Kingdom of Great Britain and Northern Ireland ;Nagy-Britannia;GB;GBR;826
235;United States Minor Outlying Islands ;Egyesült Államok külterületei;UM;UMI;581
236;United States of America ;Egyesült Államok;US;USA;840
237;Uruguay;Uruguay;UY;URY;858
238;Uzbekistan;Üzbegisztán;UZ;UZB;860
239;Vanuatu;Vanuatu;VU;VUT;548
240;Venezuela (Bolivarian Republic of);Venezuela;VE;VEN;862
241;Viet Nam;Vietnam;VN;VNM;704
242;Virgin Islands (British);Brit Virgin-szigetek;VG;VGB;92
243;Virgin Islands (U.S.);Amerikai Virgin-szigetek;VI;VIR;850
244;Wallis and Futuna;Wallis és Futuna;WF;WLF;876
245;Western Sahara;Western Sahara;EH;ESH;732
246;Yemen;Jemen;YE;YEM;887
247;Zambia;Zambia;ZM;ZMB;894
248;Zimbabwe;Zimbabwe;ZW;ZWE;716
249;Åland Islands;Åland szigetek;AX;ALA;248
