﻿HoldingCodeID;CountryCodeID;FarmDetailName;FarmDetailAddress;FarmDetailTown;FarmDetailPhone;FarmDetailHoldingCode;FarmDetailActive;FarmDetailIsPartner
1;101;KRASNYI OKTYABR LLC;TSENTRALNAYA ST. 9;VILLAGE YERMAKOVO LYUBIMSKIY;;91022190;1;1
2;101;Bovinia Kft. - Takácsi;Kövecses Dombi Major;Takácsi;;470946;1;1
3;101;AMM MMC;Binagadi district Micro District;Baku;;1000;1;1
4;101;Kuhar Dejan;Nemcavei 25;Murska Sobota;;100230763;1;1
5;101;Végh Mihályné;Dobó u. 40;Tiszacsege;;1108576;1;1
6;101;Rio Alto Kft.;Ond vezér út 1.;Kaposvár;;1109359;1;1
7;101;Tóth János;Csikókert u. 16;Balmazújváros;;1111082;1;1
8;101;Hajdu János;Toldi u. 17;Tiszacsege;;1122147;1;1
9;101;Kálmán József;Sándor Major;Iszkaszentgyörgy;;1135970;1;1
10;101;Kapos Ternero Húsipari Termelési és Ker. Kft;Kokas Major;Hetes;;1139893;1;1
11;101;Kovács Roland;Rába utca 72;Bágyogszovát;;1154087;1;1
12;101;dr. Bíró Attila;Bodó tanya 1;Bakonycsernye;;1155860;1;1
13;101;Bene László;Fő utca 42.;Gadna;;1156009;1;1
14;101;Kovács Szabolcs;Petőfi utca 22;Újtikos;;1173569;1;1
15;101;Fejes András;Petőfi utca 60;Bodony;;1177240;1;1
16;101;D-Meat Kft;Szőlő u. 76;Dabas;;1178582;1;1
17;101;Geo-fríz Mezőgazdasági És Szolgáltató Kft.;Bogsin tanya 0263/6;Onga;;1183029;1;1
18;101;Kovács András;Jószef A. u. 19;Csetény;;1204111;1;1
19;101;Szabó Zsolt;József Attila u. 4;Sárbogárd-Kislók;;1213816;1;1
20;101;Leitold Róbert Imre;Petőfi Sándor u. 54;Mencshely;;1215342;1;1
21;101;Szálkahalmi Állattenyésztő Kft.;külterület 0887/1;Balmazújváros;;1241383;1;1
22;101;Euro Rosé - Hács;8694 Hács Major;Hács;;1241815;1;0
23;101;Halász István;Bajcsy-Zsilinszky u. 26;Bélavár;;1249697;1;1
24;101;Vincze Tibor;Új utca 7;Mórichida;;1254639;1;1
25;101;Fehérpecsenye Kft;Vágóhíd, húsüzem. Hrsz. 0181/34.;Kemenesmagasi;;1273933;1;1
26;101;S.A.E. Sarlóspuszta Agrár-Erdész Kft.;Sarlóspuszta külterület  0167/1;Tatárszentgyörgy;;1273942;1;1
27;101;Kiss Sándor;Róna u,. 32;Csökmő;;1275656;1;1
28;101;Keresztes Tibor;Hősök tere 6.;Gyomaendrőd;;1278013;1;1
29;101;Pély-Tiszatáj Agrár Zrt.;Fő út 163.;Pély;;1285321;1;1
30;101;Laktagro Kft;Közponi major 0102/10;Csót;;1292611;1;1
31;101;Odrésik Árpádné;Petőfi út 37;Pásztó;;1296703;1;1
32;101;Barcsa Györgyi Mária;Telekpuszta tanya 94.;Fülöpszállás;;1301632;1;1
33;101;Hütter Attila László;Hütter tanya 0210;Pétervására;;1302125;1;1
34;101;André Gábor Ferenc;Széchenyi út 23.;Jászárokszállás;;1306057;1;1
35;101;Polgári János;Takarék utca 28.;Rétság;;1307438;1;1
36;101;Farkas Géza;Nyugalom Mg. Tsz major;Maglóca;;1311512;1;1
37;101;Abdelsallam al Faqeeh& Sons CO;Jordán;0;;13136;1;1
38;101;Hajagos István;Kurjantópuszta tanya 84;Fülöpszállás;;1314193;1;1
39;101;Hunland Dairy - Felsővány;Ráda puszta külterület 0103/2;Bugyi;;1314746;1;0
40;101;Baloghné Szanyi Erzsébet;Cserepes tanya;Tiszacsege;;1329395;1;1
41;101;Balog Zsolt;Kossuth Lajos u. 80;Geszt;;1330517;1;1
42;101;Szombathelyi Tangazdaság Zrt;Várkerület u. 26;Sárvár;;1343117;1;1
43;101;Farmer-Dél Kft;hrsz 0359/3;Söjtör;;1350603;1;1
44;101;Kisalföldi Mezőgazdasági Zrt;Fő utca 1;Nagyszentjános;;1404986;1;1
45;101;Kisalföldi Mezőgazdasági Zrt.;0;0;;1405004;1;1
46;101;Domanyek András;Rákóczi Ferenc u. 19;Mezőfalva;;1419496;1;1
47;101;La Garonnaise Mg-i Kft.;Major Külterület hrsz. 09.;Sajólászlófalva;;1421802;1;1
48;101;Hös Lajos;Székekpuszta tanya 73;Fülöpszállás;;1423794;1;1
49;101;Ökrös Farm Kft.;Bajtárs utca 47;Kiskőrös;;1432275;1;1
50;101;Vitalpig Kft;Loncsár Major Hrsz 0114/11;Nagylók;;1449341;1;1
51;101;Tyrol Mezőgazdasági és Szolgáltató Kft.;Nagyfalud puszta;Zalaszentiván;;1457405;1;1
52;101;Varga Imre;Fő utca 73;Kup;;1457807;1;1
53;101;Kerka-Genetics Kft.;Vasut utca 1;Rédics;;1461507;1;1
54;101;Serester Zsolt Kálmán;Tanya II. 583;Gyomaendrőd;;1463453;1;1
55;101;Nagy Ottó;Fő u. 40;Ganna;;1483512;1;1
56;101;H. Klarenbeek;Speulderveld 13;Ermelo;;1604852;1;1
57;101;Molnár Bence;Szérű utca 10;Kisoroszi;;1627080;1;1
58;101;Középtiszai Mg. Zrt.;hrsz 0278/10;Kenderes-Bánhalma;;1682287;1;1
59;101;Szentirmay-Gazdóf Katalin;Széchenyi utca 11/A;Tiszalúc;;1944622;1;1
60;101;Fekete Pálné;Lehel u. 13;Egyek;;1944716;1;1
61;101;Bereczki Károly;Lenin u. 52;Csökmő;;2009670;1;1
62;101;Tarjányi Csaba Mihály;III. kerület 187/B;Kiskunfélegyháza;;2051295;1;1
63;101;Bisztricz Zoltán;Asztalos János utca 36;Hobol;;2060628;1;1
64;101;Tóth József;Jókai utca 64;Pilis;;2096306;1;1
65;101;Heliszolg Kft.;Bekény tanya;Mezőzombor;;2110976;1;1
66;101;Timár Tiborné;Száki út 68;Szákszend;;2130165;1;1
67;101;Tejes részleg Hács;Major Fő u.;Hács;;222222;1;0
68;101;Servet-2000 Állattenyésztő Kft.;Vasút utca 46.;Sárrétudvar;;2255031;1;1
69;101;Csontosné Muity Éva;Munkácsy u. 24/a;Kecskemét;;2260596;1;1
70;101;Kiss Sándor;Kossuth u. 35;Somogytúr;;2364566;1;1
71;101;Tóth Mihályné;Tópart u. 1/B;Egyek;;2516666;1;1
72;101;Barabás Csaba Ferenc;Szent István u. 48;Sárszentágota;;2721923;1;1
73;101;Dél-borsodi Agrár Kft.;Vörösmarty út 19.;Gelej;;301059;1;1
74;101;Őrségi Nemzeti Park Igazgatóság;Városszer u. 57;Őriszentpéter;;3040414;1;1
75;101;Tóth Gábor;Kossuth L utca 56;Izsák;;304555;1;1
76;101;Aranykalász 1955.  Mezőgazdasági Kft.;Kossuth út 3.;Mezőkeresztes;;305262;1;1
77;101;Polyák Márk Gergely;Méhtelek tanya 256;kecskemét;;308517;1;1
78;101;Duska József;Eötvös utca 22;Cece;;311274;1;1
79;101;De Luchi Florio;Via Loreggia 4;Asolo;;3196;1;1
80;101;Szász Károly;Kiscsengőd tanya 108.;Csengőd;;320586;1;1
81;101;Kertész Csaba;Simon I. lakótelep;Nemesgulács;;3331136;1;1
82;101;Hízó részleg Hács;Major Fő u.;Hács;;333333;1;0
83;101;Ágota-Puszta Állattenyésztő, Kereskedelmi És Szolg;Rákóczi utca 53;Püspökladány;;334512;1;1
84;101;Pampuch János;Hősök u. 8/a;Tiszavasvári;;337353;1;1
85;101;Bodó Norbert;Bodó tanya 1;Bakonycsernye;;340122;1;1
86;101;Bende István;Emlékmű u. 1.;Dörgicse;;345378;1;1
87;101;Oláh Lajos;Tavasz u. 19;Tiszacsege;;354158;1;1
88;101;Solum Mezőgazdasági Ipari és Ker eskedelmi Zrt;Városmajor u. 30.;Komárom;;366809;1;1
89;101;Molnár József;Béla Király utca 60;Kiskunfélegyháza;;3698240;1;1
90;101;Eszterhai Csaba;halom utca 14;Ajka;;375764;1;1
91;101;Gyulai Gábor;Soós Gy. u. 33;Hajdúnánás;;378149;1;1
92;101;Atev Fehérjefeldolgozó Zrt - Solt;Pólyafoki zsilip u. 12.;Solt;;3812033;1;1
93;101;Horváth Sándor Zoltán;Szalag I. utca 26;Kecskemét;;393995;1;1
94;101;Szűcs Ilona;Juhász út 6.;Tiszakarád;;3958225;1;1
95;101;Szappanos Tamás;Kiscsengőd tanya 46.;Csengőd;;3964330;1;1
96;101;Fekete Pál;Lehel u. 13;Egyek;;4048842;1;1
97;101;Natura Farm 2000 Kft;Vákáncsos u. 9.;Debrecen;;4208743;1;1
98;101;Kunság kft.;3025/10 hrsz.;Kalocsa;;4245223;1;1
99;101;Taskó Józsefné;Galamb u. 10;Mezőcsát;;4246994;1;1
100;101;Hunland Production Mezőgazdasági ;H-2347 Bugyi Ráda Puszta 13;Bugyi;;4247218;1;0
101;101;Balla Farm Kft;Bartók B. u.16;Mezőlak;;4252700;1;1
102;101;Iliszi Zoltánné;Hercegföld tanya;Komádi;;4257200;1;1
103;101;Dr.Kun Péter;Cserepes tanya 232/0002;Tiszacsege;;4258234;1;1
104;101;Dr. Antalffy György;Berényi utca 2072/14.;Csákvár;;4261665;1;1
105;101;Kizo-Farm Mg. Kft.;Hrsz. 0382/5.;Hajdúszoboszló;;4268262;1;1
106;101;Karsai János;Petőfi S. u. 3. 3em 2;Mezőtúr;;4268338;1;1
107;101;Pacher Gyula;Tőrös puszta 1;Mór;;4275338;1;1
108;101;Sápi Ferenc;hrsz. 0175/22;Rohod;;4275945;1;1
109;101;Zimmermann István Géza;Berényi utca 2072/14;csákvár;;4280754;1;1
110;101;Márkus Balázs Csaba;Daruhát tanya 122;Kunbaracs;;4281452;1;1
111;101;Soós Róbert;Iskola u. 11;Veszprémvarsány;;4281809;1;1
112;101;Hegyalja BOS Kft.;Honvéd utca 226.;Bekecs;;4281872;1;1
113;101;Nagy Milán;Halomszállás 5;Homokmégy;;4305367;1;1
114;101;Erdélyi Zoltánné;Hosszúhegy liget 10;Nemesnádudvar;;4308603;1;1
115;101;Rupcsó Zsolt Mihály;Telekpuszta tanya 94;Fülöpszállás;;4313346;1;1
116;101;Vadász Tamás;Klapka u. 11;Aba;;4313476;1;1
117;101;Pöltl József;Szabadság u. 45;Románd;;4343910;1;1
118;101;Agropoint Mg. és Ker. Kft;Hunyadi u. 10;Debrecen;;4347543;1;1
119;101;Bekő Csaba;Bocskai út 8/a;Törtel;;4350684;1;1
120;101;Geo-Terra 96 Mg Term Szolg;Rákóczi utca 53;Püspökladány;;4370172;1;1
121;101;Fodor Tamás;Hámán K. u. 15;Gyomaendrőd;;4372998;1;1
122;101;Veres Szilárd;Szentimre utca 48;Soltszentimre;;4385374;1;1
123;101;Oláh Zoltán;Esze Tamás u. 10;Tiszacsege;;4388674;1;1
124;101;Középtiszai Mezőgazdasági Zrt;helyrajzi szám 0278/10;Kenderes-Bánhalma;;4391667;1;1
125;101;Hunland Kft;Petőfi u. 187;Borsosberény;;4395272;1;0
126;101;Skamla Farm Ingatlanhasznosító Zrt;Külter 042/20;Karakó;;4395647;1;1
127;101;Muity Ferencné;Munkácsy u. 24/a;Kecskemét;;4401733;1;1
128;101;Zsüle és Társai Bt.;Vasút utca 2;Dunavarsány;;4405852;1;1
129;101;Ónodiné Demeter Éva;Gombos A. u. 45;Hajdúböszörmény;;4411012;1;1
130;101;Losonczi Sándor;Béke utca 8;Fülöpszállás;;4413420;1;1
131;101;DÉKÁ Kereskedelmi és Szolgáltató Bt.;Kossuth Lajos utca 30.;Kenderes;;4415442;1;1
132;101;Március 21 Mezőgazdasági Termelő és Szolgátató Kft;Ady Endre u 82;Adony;;4427719;1;1
133;101;Lencsés Attila;Rozmaring út 38;Encs;;4428949;1;1
134;101;Viczai;0;0;;4429115;1;1
135;101;Szitás László;Hajós utca 7/1;Dévaványa;;4429889;1;1
136;101;Öreg Péter;IX. kerület 100;Békés;;4430131;1;1
137;101;Osthoff Friedrich Karl;Rákó puszta 3;Kaposkeresztúr;;4434915;1;1
138;101;Karkus Jánosné;Fő út 73/a;Besenyőtelek;;4435408;1;1
139;101;Kunmadarasi Mg Kft;0;0;;4441335;1;1
140;101;Bova - trade Mezőgazdasági Gazdálkodó és Keres. Bt;Bartok Béla u 14.;Mezőlak;;4443441;1;1
141;101;Metesz Kft.;Béke u. 2/A;Nádudvar;;4444859;1;1
142;101;Gecsei Richárd;Tamási Áron utca 2.;Csákvár;;4445258;1;1
143;101;Karkus János;Fő út 73/A;Besenyőtelek;;4445502;1;1
144;101;Biogáz Zalaszentmihály Kft.;Kossuth L. u. 67;Zalaszentmihály;;4448567;1;1
145;101;Michlits MG Ker Kft;Sarród;Nyárliget Angus telep;;4448848;1;1
146;101;Veres István;Bocskai utca 39;Balmazújváros;;4450245;1;1
147;101;Zomboriné Pap Mária;Kossuth út 38;Nagyfüged;;4451813;1;1
148;101;Gyimóti Józsefné;Pápai út 52.;Nagygyimót;;4453602;1;1
149;101;Sándor Béla;Szondy Gy. u. 188;Tar;;4453808;1;1
150;101;D&D Hereford Farm Kft.;Vörösmarty út 20.;Karcsa;;4458054;1;1
151;101;dr. Varga Judit Zsófia;Hunyadi út 54;Nagykörű;;4459015;1;1
152;101;Póth Virág Anna;Kikele u. 4;Vácduka;;4461337;1;1
153;101;Kovács Sándor;Bocskai u. 10;Nádudvar;;4462790;1;1
154;101;Nagy Sándor;Arad u. 66;Hajduböszörmény;;4464002;1;1
155;101;Agromag-plusz Kft.;Kossuth út 3;Mezőkeresztes;;4464178;1;1
156;101;Baranyai Sándorné;Béke u. 2/A;Nádudvar;;4464664;1;1
157;101;Herceg-Farm Termelő Keresk és Szolg Kft.;Kossuth u. 32;Csaholc;;4466006;1;1
158;101;Ráczné Sándor Ildikó Kfe.;Szalontai út 52.;Mezőgyán;;4468130;1;1
159;101;Kinizsi 2000 Mezőgazdasági Rt;Belső dűlő 54.;Fábiánsebestyén;;4471338;1;1
160;101;Dányádi Róbert;Szabadság utca 82;Zalaszentgrót;;4473163;1;1
161;101;Ágh Tamás;Rudnay Gyula utca 4;Bábonymegyer;;4473480;1;1
162;101;Hárskúti Mg. Zrt.;Kossuth u. 25;Hárskút;;4475710;1;1
163;101;Juhasz Ors;Barkoczy utca  9 2;eger;;4478074;1;1
164;101;Mikofami Kft;Zala u. 2/B;Zalaszentiván;;4479183;1;1
165;101;Kobza + 1 Mg. Bt;Tisza utca 29;Tiszacsege;;4516493;1;1
166;101;SZA-FA Kft.;Wesselényi út 24.;Dabas;;4529749;1;1
167;101;Brunner Ákos;Jókai Mór utca 79.;Vecsés;;4535573;1;1
168;101;Tóth Lajos;Barna u. 5.;Tiszacsege;;4537447;1;1
169;101;Kun Imre;Csurgó u 15;Tiszacsege;;4541482;1;1
170;101;Patocskai Ferenc;Kossuth utca 7.;Kisszállás;;4543646;1;1
171;101;Reiss Quarter Horse Lótenyésztő és Ker. Kft;Páskom dűlő 1;Bakonysárkány;;4544867;1;1
172;101;Szabadkígyós Község Önk;Kossuth tér 7;Szabadkígyós;;4553777;1;1
173;101;Kunné Kocsis Enikő Éva;Cserepes tanya I. hrsz. 0232/2;Tiszacsege;;4554372;1;1
174;101;Vadászné Fekete Tímea;Klapka u 11.;Aba;;4557337;1;1
175;101;Szász Norbert;Szentimre utca 96;Soltszentimre;;4558419;1;1
176;101;Tóth Gáspár;Kiserdő utca 42.;Mór;;4562995;1;1
177;101;Naturagro 2007 Kft.;Bocskai út 8;Nádudvar;;4564597;1;1
178;101;Balajti Béla;Kinizsi út 25.;Kocsér;;4565129;1;1
179;101;Lapostyán Barnabás;Arany J. út 29.;Tiszadorogma;;4566564;1;1
180;101;Best Trade Kft;Major major 1;Zalacséb;;4569341;1;1
181;101;Hajdu János;Toldi u. 17;Tiszacsege;;4569480;1;1
182;101;Hunland Veal Farm-Somogytúr;Zrínyi u. 27;Somogytúr;;4571346;1;0
183;101;Szentirmay Károly;Sarkad tanya 1;Tiszalúc;;4574271;1;1
184;101;Szabó Gábor;Kőris u. 14.;Nemesnádudvar;;4599625;1;1
185;101;Horváth Gábor;Gátrőrház utca 1;Árpás;;4600985;1;1
186;101;Kiss Géza;Kossuth u 1.;Gecse;;4633653;1;1
187;101;Fodorné Paróczai Szilvia;Hámán K. u. 15;Gyomaendrőd;;4636654;1;1
188;101;CHAROLAIS Mezőgazdasági Kereskedelmi és Szolg Kft.;Mizse tanya 91;Lajosmizse;;4637576;1;1
189;101;Répcevölgye 2001 Mg. Term és Szolg. Kft.;Fő utca 59;Chernelházadamonya;;466657;1;1
190;101;Szombathelyi Tangazdaság Zrt.;Várkerület u. 26.;Sárvár;;466693;1;1
191;101;Kinizsi 2000 Mezőgazdasági Zrt.;Külső dülő 111;Fábiánsebestyén;;466787;1;1
192;101;Szabad Föld Mezőgazdasági Termelő Szövetkezet;Központi Telep hrsz. 067/9;Pápoc;;467216;1;1
193;101;Bátortrade Kereskedelmi és Szolgáltató Kft.;Árpád út 156/a.;Nyírbátor;;467355;1;1
194;101;Celli-Sághegyalja Mezőgazdasági és Termelő Zrt;Sági u. 216 sz.;Celldömölk;;467364;1;1
195;101;Agro-Thám Kft.;Rákóczi u 24;Helvécia;;4678728;1;1
196;101;Baranyai Sándor Egyéni Cég;Kövy Sándor u. 11;Nádudvar;;4683863;1;1
197;101;Enyingi Agrár Zrt.;Ágostonpuszta hrsz. 0174/32;Mátyásdomb;;468772;1;1
198;101;Mezőfalvai Tejhasznú Kft;Nagysismánd 1.;Mezőfalva;;468893;1;1
199;101;Kisalföldi Mezőgazdasági Zrt.;Fő u. 1.;Nagyszentjános;;468987;1;1
200;101;Rábapordányi Mezőgazdasági Zrt.;Gévay Wolff Lajos utca 50.;Rábapordány;;469050;1;1
201;101;Patocskainé Szabó Adrienn Éva;Kossuth utca 7.;Kisszállás;;4690760;1;1
202;101;Fertődi Agrár Mezőgazdasági Termelő és Szolg. Kft.;Gábor Áron u. 7;Fertőd;;469078;1;1
203;101;Malomsoki Extra-tej Tejtermelő és Állattenyésztő;Emilháza 0296/1 hrsz;Malomsok;;469331;1;1
204;101;Bovintej Tejtermelő és Szarvasmarha-Tenyésztő Kft;Külterület 037;Gecse;;469340;1;1
205;101;Lajta-Hanság Mg Zrt.;Gabona rakpart 22;Mosonmagyaróvár;;469359;1;1
206;101;Agroprodukt mg-i Ter. és Ért. Zrt.;Szent I. u.12;Pápa;;469395;1;1
207;101;Agroprodukt Mg-i Ter. és Ért. Zrt;Szent I. u.12;Pápa;;469407;1;1
208;101;Agroprodukt Mg-i Ter. és Ért. Zrt;Szent I. u.12;Pápa;;469416;1;1
209;101;Bakony Ho-li Kft.;Petőfi u. 4.;Zirc;;469452;1;1
210;101;Vaszari Agrofríz Kft;Jánosmajor major 028/4;Vaszar;;469498;1;1
211;101;Bosflór Mg. és Szolg. Kft.;Könyves Kálmán utca 2.;Veszprémvarsány;;469555;1;1
212;101;Bukovics Péter Pál;Kossuth u. 1;Duka;;470058;1;1
213;101;Horváth András;Dózsa Gy. u. 54;Mocsa;;4701187;1;1
214;101;Nemesszalóki Mezőgazdasági Állat. Növényt. Term;Rákóczi u. 34.;Nemesszalók;;470937;1;1
215;101;Kemenesszentpéteri Agro Termelő és Értékesítő Kft.;Jókai Úti major 045/24;Kemenesszentpéter;;470964;1;1
216;101;Kovács-Fekete Júlia;Lehet u. 13;Egyek;;4709914;1;1
217;101;Ónodiné Demeter Éva;Gombos András utca 45;Hajdúböszörmény;;4711012;1;1
218;101;Agárdi Farm Állattenyésztő és Növénytermelő Kft.;Elza major 0101/34;Seregélyes;;471934;1;1
219;101;Pálhalmai Agrospeciál Mezőgazdasági Termelő Kft;Pálhalma külter.078/36;Dunaújváros;;471989;1;1
220;101;Czikkhalas Halastavai Kft.;Kossuth utca 1;Varsád;;4724153;1;1
221;101;Theisz András;Ady Endre u 26.;Andocs;;4727369;1;1
222;101;Varga József;Virág u. 4;Cegléd;;4731966;1;1
223;101;Zal-agro Agráripari és Kereskedelmi Zrt.;Zsigmondháza major 1.;Türje;;475763;1;1
224;101;Alkotmány Agro Zrt.;Miklósfa út 70.;Nagykanizsa;;475811;1;1
225;101;Kis Imre;Darassa tanya 02089/2;Balmazújváros;;4760140;1;1
226;101;Adrivikk Ker. és Szolg. Kft.;Vasút út 2;Ófehértó;;4764447;1;1
227;101;Tóth Gáspár;külterület 0278;Mór;;4765949;1;1
228;101;Kossuth 2006 Mg. Zrt.;Köztársaság tér 5;Jászárokszállás;;476649;1;1
229;101;Jászberényi Kossuth Mgi.Zrt;0;0;;476715;1;1
230;101;Kenderes 2006 Mezőgazdasági termelő és Szolgáltató;Rákóczi út 21.;Kenderes;;476809;1;1
231;101;Belán- Alcsired Tejtermelést Szervező Kft.;Bajcsy-Zsilinszky u.18;Mezőtúr;;476827;1;1
232;101;Miklósfai Mezőgazdasági Zrt.;Miklósfa u. 70;Nagykanizsa;;476902;1;1
233;101;Kunság Népe Mg-i Kft;Kssuth L. u. 42-44;Kunhegyes;;476920;1;1
234;101;Ruisch Józsefné;Kandó Kálmán u. 11;Pápa;;4770365;1;1
235;101;Baranyai Sándor;Kövy Sándor u. 11;Nádudvar;;4774484;1;1
236;101;Figler Kálmán;Fürdő sor 10;Székesfehérvár;;4793573;1;1
237;101;Agrofriz Mg-i Term, és Szolg. Szöv.;Alsórészivízköz tanya 352;Mezőtúr;;480666;1;1
238;101;Tarnamenti 2000 Zrt;Dózsa Gy. u. 81;Jászdózsa;;480675;1;1
239;101;AGRO-LEHEL Mg-i Kereskedelmi és Szolgáltató Kft;Felsőmuszály tanya 9.;Jászberény;;480693;1;1
240;101;Béke Agrárszöv - Dorogi;Hajdúkerület u. 6;Hajdúböszörmény;;480769;1;1
241;101;BEEF-FARMER Kft.;Annamajor 0458/30;Sárbogárd;;4823883;1;1
242;101;Németh László Ferenc;Petőfi s. u.22;Zsennye;;482905;1;1
243;101;TRANSCOM 94 Kft.;Fő utca 24;Tápiószőlős;;4848068;1;1
244;101;Puskás Csaba;Rákóczi Ferenc utca 30;Szamosszeg;;4853055;1;1
245;101;Szemere-Mag Kft;Külterületi II. telep;Maklár;;4858676;1;1
246;101;Farkas János;Dózsa Gy. utca 87;Soltszentimre;;4896078;1;1
247;101;Veresné Varga Zsuzsanna;Szent Imre utca 48.;Soltszentimre;;4896087;1;1
248;101;Alcsiszigeti Mezőgazdasági Zrt.;Alsórészivíz köz 352.;Mezőtúr;;491897;1;1
249;101;Nagykun 2000 Mg. Zrt.;Petőfi utca 20-22.;Kisújszállás;;491918;1;1
250;101;Bakos Imre;Rákóczi út 11;Nemesnádudvar;;4924441;1;1
251;101;Kovács Zoltán;Lehel utca 13;Egyek;;4925523;1;1
252;101;Ficsorné Szöllősi Anna;Bekény tanya;Mezőzombor;;4950325;1;1
253;101;Keller András;Kossuth utca 34;Lulla;;4953009;1;1
254;101;Borka-MG Farm Kft.;Kossuth Lajos utca 117;Bezedek;;4961060;1;1
255;101;Michlits János;Nyárliget;Sarród;;4964481;1;1
256;101;Dovicsin Roland;Semmelweis Ignác utca 17.;Balassagyarmat;;4975153;1;1
257;101;Michlits Lukas;Gagarin major;Sarród;;4976570;1;1
258;101;Hun - Beef Állattenyésztő és Növényterm. Ker. Kft.;Külterület major 079.;Somlószőlős;;499754;1;1
259;101;GÁBOR-MAJOR mezőgazd. Term. és Szolg Kft;Béke u. 76;Martonvásár;;500407;1;1
260;101;Bicskei Mezőgazdasági Zrt;Tatai út 25.;Bicske;;500416;1;1
261;101;Annamajori Mg-i és Ker Kft.;Annamajor utca 40;Baracska;;500425;1;1
262;101;Mikóczi Zoltánné;Templom utca 103;harta;;5025646;1;1
263;101;Jamriska Péterné;Kossuth u. 24;Tiszacsege;;5026009;1;1
264;101;Szilágyi Zsolt;Fő út 65.;Nyírkércs;;5072314;1;1
265;101;Varga Józsefné;Közép út 4;Cegléd;;5078213;1;1
266;101;Eszerhai Csaba;halom utca 14;ajka;;5084319;1;1
267;101;Földesi Rákóczi Mezőgazdasági Termelő, Kft.;Deák F. u. 2;Földes;;514880;1;1
268;101;Ezüstkalász 2000 Földhasznosító Mezőgazdasági Besz;Kossuth u. 47 sz.;Bihartorda;;514901;1;1
269;101;Szikgát - tej Kft.;Nagy Mihály Kert ker 59;Debrecen;;514938;1;1
270;101;Nagyhegyesi Állattenyésztő Kft;Szoboszlói útfél útfél 077;Nagyhegyes;;514956;1;1
271;101;Agrárgazdaság Mg és Ker Kft;35-ös Útfék hrsz szám 0212/6;Debrecen;;515065;1;1
272;101;Agrárgazdaság Mezőgazdasági és Kereskedelmi Kft.;35-ös útfél helyrajzi szám 0212/6;Debrecen;;515074;1;1
273;101;Hajdúdorogi Bocskai Szarvasmarhatenyésztő Kft.;Nánási utca 7.;Hajdúdorog;;515122;1;1
274;101;Formula-gp Kft.;Külső Újvárosi út.;Hajdúböszörmény;;515168;1;1
275;101;Zm-Nagisz Mezőgazd. Kft.;Bajcsy-Zsilinszky Endre u 2;Püspökladány;;515186;1;1
276;101;Kasz- Farm Term. és Szolg. Kft;Köztársaság u.114;Derecske;;515207;1;1
277;101;Derecske Petőfi Mg. Kft.;Malom utca 9.;Derecske;;515216;1;1
278;101;Derecskei Petőfi Kft.;Malom utca 9;Derecske;;515225;1;1
279;101;Berettyómenti Mezőgazd. Zrt.;Tehenészeti Telep;Esztár;;515252;1;1
280;101;Új Élet Mg. Szöv.;Kossuth utca 2;Hencida;;515270;1;1
281;101;Hajdúszováti Szarvasmarha Telep Hasznosító Kft.;Batthyány utca 12.;Hajdúszovát;;515328;1;1
282;101;GTO START GABONA-,TEJ-,OLAJOSMAG-TERMELŐ Kft.;Külterületi helyrajzi szám 058/16;Hernádnémeti;;516718;1;1
283;101;Emődi Mezőgazdasági Zrt.;Kölcsey u. 10.;Emőd;;516745;1;1
284;101;Füzesaboni Agrár Zrt.;Ipartelep út.16;Füzesabony;;517733;1;1
285;101;Kenézlő-Dózsa Mg. Zrt.;Malom utca 7.;Kenézlő;;519111;1;1
286;101;Kaposszekcsői Mezőgazdasági Zrt.;Ifjúság utca 8-10;Kaposszekcső;;526607;1;1
287;101;Kocsolai Mg. Szöv.;Dombóvári u. 1.;Kocsola;;526643;1;1
288;101;Jándtej Mg. Kft.;Árpád út 19.;Jánd;;528919;1;1
289;101;Domkka 2033 Mg Ker és Szolg Zrt;Andrássy út 82;Dombrád;;528964;1;1
290;101;Agroméra Mezőgazdasági Zrt.;Központi telep 0236/3. hrsz.;Érsekvadkert;;530642;1;1
291;101;Madách Imre Mg. Zrt.;Béke út 5.;Szügy;;530660;1;1
292;101;ComAgro-Sardo Mezőgazdasági és Kereskedelmi Kft.;Kossuth utca 48/c.;Nógrádkövesd;;530679;1;1
293;101;Mátrafarm Hungária Kft;Paduti major 053/2;Mátramindszent;;530736;1;1
294;101;Gödöllői Tang. Zrt.;Bartók B. u. 2-10;Kartal;;530811;1;1
295;101;Szombati Gáborné;Pandúr utca 34/b;Újszentmargita;;533335;1;1
296;101;Paksi Dunamenti Mg-i  Zrt;Rákóczi u. 5-7;Paks;;536327;1;1
297;101;Muity Ferenc;Munkácsy u. 24/a;Kecskemét;;539412;1;1
298;101;Milky Way M.L.K.E.;Plateia Dimokratias 1.;Thessaloniki;;5500690;1;1
299;101;Agrár-Ker Kft.;Dózsa sor 16;Csanádpalota;;556486;1;1
300;101;Árpád-Agrár Termelő Kereskedelmi és Szolgáltató Zr;Apponyi tér 12.;Szentes;;556507;1;1
301;101;Szijártó Tibor;Zrínyi utca 52.;Mozsgó;;558695;1;1
302;101;Nagymágocsi Farmer Kft.;Csongrádi út 24.;Szentes;;572565;1;1
303;101;Agronómia Kft;Semmelweis I.  u. 20;Deszk;;573160;1;1
304;101;Agrária Mezőgazdasági Zrt.;Kossuth Lajos u. 1;Szentgáloskér;;581064;1;1
305;101;Bos-Frucht Agrárszöv-Bárdudvarnok;Szend Puszta hsz:081;Bárdudvarnok;;581082;1;1
306;101;Bos-Frucht Agrárszöv-Homoksz.;József major hrsz. 0220/2, 0220/4.;Homokszentgyörgy;;581167;1;1
307;101;Darnózseli Agrár Zártkörűen működő Zrt.;Fő út 81;Darnózseli;;581541;1;1
308;101;Dunakiliti Agrár Term és Ker Zrt;Kossuth u.88;Dunakiliti;;581569;1;1
309;101;Kunszigeti Zöld Mező Mg. TSz.;Zöldmező u. 1.;Kunsziget;;581587;1;1
310;101;Dávodi Augusztus 20 Mg. Zrt.;Petőfi Sándor utca 52.;Dávod;;581635;1;1
311;101;Tedej Agrártetmelő és Szolg Zrt;Fő út 9;Hajdúnánás- Tedej;;589659;1;1
312;101;Juhász és Juhász Kft.;Lepke tanya 0264/5;Polgár;;591010;1;1
313;101;Szerencsi Mg Zrt.;0;0;;594589;1;1
314;101;Szerencsi Mezőgazdasági Zrt.;Rákóczi út 59.;Szerencs;;594598;1;1
315;101;Kösely Zrt;Debreceni útfél 11.;Hajdúszoboszló;;601168;1;1
316;101;Rábamenti Mezőgazdasági Kft.;Petőfi u. 24/1;Rábakecöl;;601216;1;1
317;101;Erdőhát Mg. Term., Szolg. és Ker. Zrt.;Hrsz. 204.;Vámosoroszi;;611020;1;1
318;101;Inter AgráruimMg. Kft;Rózsás utca 32/B;Nagyecsed;;627872;1;1
319;101;Nagy Andrásné;Mizse tanya 43.;Lajosmizse;;629791;1;1
320;101;Haladás Plus Mg. Kft.;Dózsa Gy. u. 26.;Medgyesegyháza;;645553;1;1
321;101;Hidasháti MG. Zrt.;II: kerület 8;Murony;;653176;1;1
322;101;Szarvasi Agrár Zrt.;Szabadság út 30.;Szarvas;;653297;1;1
323;101;Csatári Imre;Tizenhárom Vértanú utca 49/a;Hajdúböszörmény;;655666;1;1
324;101;Hunland Trade Mezőgazdasági;H-2347 Bugyi Ráda Puszta 13;Bugyi;;655983;1;0
325;101;Cosinus Gamma Mg. Kft.;Juhászföld Tehenészeti telep;Bugyi;;656010;1;1
326;101;Végh Mihály;Dobó u. 40;Tiszacsege;;656588;1;1
327;101;Végh Zoltán;Rákóczi utca 45/a;Tiszacsege;;656944;1;1
328;101;Mezőkovácsházi Új Alkotmány Mg. Szolg. Kft.;Alkotmány u.53.;Mezőkovácsháza;;657978;1;1
329;101;Nemzeti Ménesbirtok és Tangazdaság Zrt;Kozma Ferenc u. 30.;Mezőhegyes;;657987;1;1
330;101;Első Hornyák Kft.;01213/42 hrsz;Dabas;;6623621;1;1
331;101;Pete Tamás;Bezerédi utca 38;Fertőszentmiklós;;6630948;1;1
332;101;Geum Kft.;Külterület dűlő 0267/2 hrsz;Nemesvid;;6636267;1;1
333;101;Hunland Production Iregszemcse;Iregszemcse 0808/11;Iregszemcse;;6640734;1;0
334;101;Filyó Margit Edit;Páskumi út 14;Gyomaendrőd;;6643959;1;1
335;101;Dr. Tóthné Dr. Schranz Edina;kt. ranya 54/6;Tiszapalkonya;;6656474;1;1
336;101;Bosflór Mg. és Szolg. Kft.;Könyves Kálmán utca 2.;Veszprémvarsány;;6657220;1;1
337;101;Teveli Mg. Zrt.;Fő utca 209;Tevel;;665872;1;1
338;101;Felsőnánai Agrár Kft.;Dózsa György utca 6.;Felsőnána;;665939;1;1
339;101;Kertész Omer;Felszabadulás út 11;Karancsság;;6659523;1;1
340;101;Pusztaszabolcsi Agrár Zrt;Szabolcs puszta;Pusztaszabolcs;;666002;1;1
341;101;Magyaralmási Agrár Zrt.;Szövetkezeti Iroda külter. 03/2;Magyaralmás;;666123;1;1
342;101;Kenézlő-Dózsa Mezőgazdasági Zrt.;Malom u. 7.;Kenézlő;;6661715;1;1
343;101;"Avis "" 96 Bt.";Gombos A. u. 45;Hajdúböszörmény;;6663586;1;1
344;101;Pélyi Tiszamente Mgi.Term. Forg. és Szolg. Szöv.;Fő út 163;Pély;;6664181;1;1
345;101;Csordás Nándor;Rákóczi út 44/a;Bakóca;;6664305;1;1
346;101;Erdőhát Mg. Zrt;Kossuth út 65-67.;Csaholc;;6664622;1;1
347;101;Bos-Frucht Agrárszövetkezet ;Rózsamajor 1.;Kazsók;;6665964;1;1
348;101;Kossuth 2006 Mg zrt.;Köztársaság tér 5.;Jászárokszállás;;6666493;1;1
349;101;Nagymágocsi Farmer Kft.;Csongrádi út 24;Szentes;;6666514;1;1
350;101;Takácsné Polgár Viktória;Szent István utca 28/A;Kisláng;;6667481;1;1
351;101;Agrofull-Szikszó Mg. Kft.;Kendi tanya 090;Monaj;;6668068;1;1
352;101;Dél-Pest Megyei Mezőgazdasági Zrt.;Bede telep 575.;Cegléd;;6668826;1;1
353;101;Agro-Milch Mezőgazd. és Szolg. Kft;Könyves K. u. 2.;Veszprémvarsány;;6669216;1;1
354;101;Macskási Tejtermelő Zrt.;Kossuth L. u. 11;Füzesgyarmat;;6670090;1;1
355;101;Pálhalmai Agrospecial Kft.;Külterület 078/36;Dunaújváros-Pálhalma;;6671613;1;1
356;101;Nemzeti Ménesbirtok és Tangazdaság Zrt.;Kozma Ferenc u. 30.;Mezőhegyes;;6673907;1;1
357;101;Flier János;Kossuth utca 87.;Felcsút;;6674137;1;1
358;101;Simonné Taskó Ágnes;Galamb utca 10;Mezőcsát;;6674360;1;1
359;101;Kovács Dezső;Arany János u. 74;Nyárád;;6675611;1;1
360;101;Kisalföldi Mezőgazdasági Zrt.;Fő utca 1;Nagyszentjános;;6679178;1;1
361;101;Tóth Róbert;Barna u. 5;Tiszacsege;;6679486;1;1
362;101;Tóth Lajos;Barna utca 5;Tiszacsege;;6679507;1;1
363;101;Izsó Sándor;Mirhóháti u. 24;Gyomaendrőd;;6697185;1;1
364;101;Beef & More Kft.;külterület 0278;Mór;;6698593;1;1
365;101;Hunland Production Kft. - Somlóvecse;hrsz. 024;Somlóvecse;;6712967;1;0
366;101;Farmati - Kenyeri;042/4 hrsz.;Kenyeri;;6723956;1;1
367;101;Farmati - Ozora;Kismező szm telep;Ozora-Kismezõ;;6724449;1;1
368;101;Farmati - Iregszemcse;Hrsz 0808/11;Iregszemcse;;6724458;1;1
369;101;Farmati - Takácsi;Kövecses Dombi Major;Takácsi;;6724814;1;1
370;101;Farmati - Nagyalásony;086/3 hrsz.;Nagyalásony;;6724823;1;1
371;101;Farmati - Somlóvecse;024 hrsz.;Somlóvecse;;6724832;1;1
372;101;Farmati - Tompa;0318/1 hrsz.;Tompa;;6725026;1;1
373;101;Farmati - Hács;034/3 hrsz.;Hács;;6725428;1;0
374;101;Farmati - Somogytúr;Zrínyi u. 27.;Somogytúr;;6725437;1;0
375;101;Farmati - Kiskunlacháza;0424/8 hrsz.;Kiskunlacháza;;6725549;1;1
376;101;Farmati - Bugyi;0103/2 hrsz.;Bugyi;;6725558;1;1
377;101;"VASZARI ""Agrofriz Kft.";Jánosmajor major 028/4;Vaszar;;6726199;1;1
378;101;Bisztricz Zoltán;Asztalos János u. 36;Hobol;;6726292;1;1
379;101;Farmati - Vértesacsa;0;Vértesacsa;;6726546;1;1
380;101;Farmati - Zalacséb;113/4 hrsz.;Zalacséb;;6727066;1;1
381;101;Agrobaracs Mg-i Zrt;Hrsz. 067/2;Baracs Apátszállás;;673002;1;1
382;101;Miklósfai Mezőgazdasági Zrt;Miklósfai u. 70;Nagykanizsa;;6730424;1;1
383;101;Bircsák Farm Mezőgazdasági Kft.;0153/1. hrsz;Ecseg;;674670;1;1
384;101;Farmati Team Kft. - Bugac;Nagybugac utca 195;Bugac;;6825669;1;1
385;101;K 64 Farm Mezőgazdasági Termelő Szolg.  Ker. Kft.;Szécsényi István u. 1;Füzesabony;;6829975;1;1
386;101;Terra-Tech MG és Ker KFT;Fertőd;Tőzeggyármajor;;6835110;1;1
387;101;Agro-Wein Mezőgazd. KFt;Bajtárs utca 47;Kiskőrös;;6851208;1;1
388;101;Szappanos Imre;Kiscsengőd tanya 92;csengőd;;685454;1;1
389;101;Framati-Sátorhely;0;Sátorhely;;6862224;1;1
390;101;Aranybulla Mg. Zrt.;Fehérvári út 44.;Székesfehérvár;;688464;1;1
391;101;Sereg-tej Szarvasmarhatenyésztő Kft.;Pálinkaháza puszta;Seregélyes;;688549;1;1
392;101;Duna Gyöngye 2000 Mezőgazd. Keresk. és Szolg.;Kossuth utca 57.;Dunaszekcső;;688594;1;1
393;101;Sombereki Mezőgazdasági Szövetkezet Zrt.;Kossuth Lajos u. 1/A;Somberek;;688606;1;1
394;101;Lukovics És Társa Mezőgazdasági Termelő és Kereske;Hunyadi utca 20/a;Magyarszék;;688624;1;1
395;101;Borjádi Mezőgazdasági Termelő Kereskedelmi és Szol;Borjád Külker 066/2;Borjád;;688688;1;1
396;101;Hös Lajosné;Székekpuszta tanya 73;Fülöpszállás;;690786;1;1
397;101;Heizer Mihály;Attila utca 38.;Fülöpszállás;;691064;1;1
398;101;Oláhné Kovács Márta;Széchenyi u. 7;Tiszacsege;;6935548;1;1
399;101;Torák Kornél Károly;Petőfi út 12;Karancsberény;;699332;1;1
400;101;Végh Kornél;Kun B. út 38;Szécsény;;700946;1;1
401;101;Vasas János;Dózsa Gy. út 87;Diósjenő;;710143;1;1
402;101;Nagy József;Bocskai u. 46;Cserhátsurány;;710367;1;1
403;101;Bartal Norbert;Boróka utca 8.;Bátonyterenye;;712231;1;1
404;101;Dupor Kft. - Szigetvár;076/2 hrsz.;Nemeske (Görösgal);;716024;1;1
405;101;Szeberényi Károly;Zagyva út 1;Bátonyterenye-Kister;;717414;1;1
406;101;Tóth Sándor Zsolt;Virág út 6.;Pásztó;;717937;1;1
407;101;Dancsné Orosz katalin;0;0;;738347;1;1
408;101;Schlecht Zoltán;0;0;;751733;1;1
409;101;Aranykocsi Zrt.;Kossuth u. 1.;Kocs;;753492;1;1
410;101;Gödrei Mezőgazdasági Zrt.;Sport u. 27;Gödre;;753504;1;1
411;101;Süle Tamás;PEtőfi utca 196;Magyargencs;;755487;1;1
412;101;Pethő Kálmán;Széchenyi utca 6.;Nemesgörzsöny;;765992;1;1
413;101;Horváth László;Horváth tanya 000024/0007;Döbrönte;;767473;1;1
414;101;Bisztricz Lajos;Asztalos János utca 34.;Hobol;;7761351;1;1
415;101;Tejes részleg Somogytúr;Zrínyi u.27;Somogytúr;;777777;1;0
416;101;Kiss Ferenc;Aradi utca 20;balatonlelle;;779795;1;1
417;101;Süle Szabolcs;Petőfi utca 196;Magyargencs;;7823958;1;1
418;101;Pampuch János;Fehértői u.  000191/2;Tiszavasvári;;7825886;1;1
419;101;Thám Attila;Rákóczi utca 24;Helvécia;;7827004;1;1
420;101;Nagy Lőrincz László;VIII. dűlő 12.;Kocsér;;787028;1;1
421;101;Vervoka Farm Kft.- Ozora;Szarvasmarha telep;Ozora-Kismező;;7880216;1;1
422;101;Szépvölgyi Jakab;Szt. Imre út 178.;Taksony;;789255;1;1
423;101;Gazdóf Anita;Széchenyi utca 11/A;Tiszalúc;;7894046;1;1
424;101;Ugra Gyula;Rákóczi út 103.;Lucfalva;;7897289;1;1
425;101;Bakó László;Krúdy Gyula u. 21;Martfű;;7898697;1;1
426;101;Metesz Kft.;Béke u. 2/A;Nádudvar;;7909984;1;1
427;101;Szilágyi János;Zöldfa u. 61;Karcag;;7915044;1;1
428;101;Kovács Gergely;Gyurátz F. u. 16.;Pápa;;7919181;1;1
429;101;Drovers Ker Kft;Virág utca 3;Lánycsók;;7939464;1;1
430;101;Rostás Béla;Körös u 183;Felsőlajos;;794318;1;1
431;101;Gaál Istvánné;Felsőöregszőlők hrsz. 42393;Kiskunhalas;;7949979;1;1
432;101;Szentpétery Szabolcs Félix;Szent Imre utca 7;Vízvár;;7952618;1;1
433;101;Kircsi Zoltán;Nádudvari út 82;Hajdúszoboszló;;7957471;1;1
434;101;dr, Nádorfi Zoltán Géza;Béke u. 64;Csabdi;;7959484;1;1
435;101;Tóth Róbert;Barna u. 5;Tiszacsege;;7961489;1;1
436;101;Oláh Tamásné;Avar u. 18;Hajduböszörmény;;8019183;1;1
437;101;Horváth Bálint Mihályné;Óvoda köz 2.;Hantos;;802408;1;1
438;101;Doki Trade Kft.;Kóti telep;Kőrösújfalu;;8036009;1;1
439;101;Veresné Dr Bognár Judit;Rákóczi utca 33;Báránd;;8039260;1;1
440;101;Veresné Dienes Gyöngyi;Kossuth utca 38;Báránd;;8039288;1;1
441;101;Bor István;Vörösmarty u. 12;Aba;;8051202;1;1
442;101;Sztankó Roland Zsolt;Toldi M. u. 18;Domoszló;;8060206;1;1
443;101;Galloway Farm Kft;Petőfi Sándor utca 154;Pusztavám;;807038;1;1
444;101;Kossuthért Vagyonhasznosító Kft.;Damjanich tér 10;Jászjákóhalma;;8128140;1;1
445;101;Verestransz 2008 kft.;hrsz 0115/21;CSomád;;8140735;1;1
446;101;Kovács Dezső;Arany János u. 74;Nyárád;;8152794;1;1
447;101;Pál Gábor;Dembinszky utca 34;Debrecen;;8178109;1;1
448;101;Juhász Károly;Kossuth utca 9.;Ságvár;;819444;1;1
449;101;Vármester Mezőgazd. KFt.;Temető út 29.;Balassagyarmat;;8201344;1;1
450;101;Kiss Bertalan;Táncsics utca 5;Dudar;;8243883;1;1
451;101;Bólyi Mg-i Ter. és Ker. Zrt;Ady E. u. 21;Bóly;;825344;1;1
452;101;Sásdi Agro Mezőgazdasági Zrt;Szent Imre utca 18;Sásd;;825380;1;1
453;101;Varga József;Virág utca 4.;cegléd;;8256885;1;1
454;101;Ugra Zsolt;Rákóczi út 67.;Sámsonháza;;8272124;1;1
455;101;Mészárosné Hajba Melinda Edit;Petőfi Sándor u. 33;Sárbogárd;;8277950;1;1
456;101;Merkly-Belus József;Felsőerdő u. 36;Nagykanizsa;;8289133;1;1
457;101;Ónodi Péter;Gombos András u. 45;Hajdúböszörmény;;8300216;1;1
458;101;Csatári Nándor;Tizenhárom Vértanú utca 49/a;Hajdúböszörmény;;8300681;1;1
459;101;Földvár-2000 Kft.;Rákóczi u. 10.;Tab;;832036;1;1
460;101;Csáki Istvánné;Déli út 3/a;törtel;;832362;1;1
461;101;Bekő Albert;Déli út 9;Törtel;;832399;1;1
462;101;Pampuch- Hamvas Gabriella;Fehértói út 000191/2;Tiszavasvári;;8344254;1;1
463;101;Szanyi Tibor;Török Bálint u. 26.;Tiszacsege;;8357229;1;1
464;101;Támton Róbert;Fenyves utca 23;Bakonyjákó;;8368991;1;1
465;101;Megyesi Elemér;Ady utca 25;Tiszagyulaháza;;8378965;1;1
466;101;Fehervari Marton;Bartok Bela utca 28;Dombovar;;8386739;1;1
467;101;Vadász Agro Kft.;Klapka u.11.;Aba;;8404811;1;1
468;101;Ezerjó Horgásztó Kft;Petőfi S. u. 8;Mór;;8412649;1;1
469;101;Sarkad-Tanya Kft.;Sarkad tanya;Tiszalúc;;8537207;1;1
470;101;Varga Norbert;Fő utca 73;Kup;;8546162;1;1
471;101;Bukovics Péter Pál;Kossuth u. 1;Duka;;8554673;1;1
472;101;Tarjányiné Buri Mónika Mária;III. kerület 187/b;Kiskunfélegyháza;;8562335;1;1
473;101;Szászteleki Agrár Kft.;Gázvezeték u. 28.;Debrecen;;8573418;1;1
474;101;Karkus János;Szőrhát tanya;Mezőtárkány;;8600017;1;1
475;101;Cziráki Gábor;Kossuth L. u. 67;Zalaszentmihály;;860987;1;1
476;101;Kovács Attila;Darassa tanya 002087/2;Balmazújváros;;8615312;1;1
477;101;Hortobágyi Szikes Mező Kft;Nádudvari út 82;Hajdúszoboszló;;8616654;1;1
478;101;Kósa Zoltán;Pipacs u. 20;Karcag;;8618304;1;1
479;101;Simafoki Gazdaság Kft.;0363/23 HRSZ.;Túrkeve;;8618818;1;1
480;101;Kaszap Ármin;Török utca 2;Kiskunhalas;;8619244;1;1
481;101;Kovács Márton;Erőss Lajos utca 14/4;Debrecen;;8620729;1;1
482;101;Taskó József;Galamb utca 10;Mezőcsát;;8623878;1;1
483;101;Vetrő Kinga;Rákóczi utca 44/a;Bakóca;;8637907;1;1
484;101;Marton Jánosné;Szabadság út 18;Dad;;8644194;1;1
485;101;Skamla Pál;Kömény u 6;Szentendre;;8649050;1;1
486;101;Skamla Pál;Szatmári u. 20/B;Szentendre;;8650290;1;1
487;101;Sziklai László;hajdú utca 10;Berettyóújfalu;;8651167;1;1
488;101;Dudás CSaba;Dózsa Gy. u. 2/a;Vácegres;;8651813;1;1
489;101;Kovinvest Kft;Petőfi utca 14;Nádudvar;;8656957;1;1
490;101;Hunland Production Kft. - Kiskunlacháza;Külterület hrsz. 0424/8.;Kiskunlacháza;;8661467;1;0
491;101;Sziklai László;Nyárfa utca 6;Berettyóújfalu;;8667058;1;1
492;101;Bécs Róbert;Dózsa Gy. út 9;Lenti;;8673051;1;1
493;101;Tóthné Pákozdi Tünde;Május 1. u. 6.;Lovászpatona;;8673770;1;1
494;101;Veres Dávid CSongor;Ady E. út 17;Nagykörű;;8677684;1;1
495;101;Egresi Angus Kft.;Dózsa Gy. u. 2/a;Vácegres;;8688280;1;1
496;101;Kesik Istvánné;Fő utca 51;Beled;;8706700;1;1
497;101;Broccoli Bt.;Fő utca 21.;Beled;;8706737;1;1
498;101;Ing. Franz Penz;Rattenbergerweg 12;Zeltweg;;8740;1;1
499;101;Bedi Richárd;Simon I. ltp. 20;Nemesgulács;;8779463;1;1
500;101;Mozgó-Hús Kft.;Szent Flórián u. 13;Görcsönydoboka;;8780519;1;1
501;101;BHV Mezőgazdasági Kft.;Szent Imre utca 7;Vízvár;;880224;1;1
502;101;Margittasziget 92 Kft.;Papkert u 19.;Mohács-Újmohács;;880297;1;1
503;101;Megyesi Elemér;Ady utca 25;Tiszagyulaháza;;8884655;1;1
504;101;Hízó részleg Somogytúr;Zrínyi u.27;Somogytúr;;888888;1;0
505;101;Albers Agrár Mg.-i Bt;Külterület major 05/4;Szekszárd;;893048;1;1
506;101;Barcsa Zoltán Lajos;Liszt Ferenc utca 10;Tiszaalpár;;8931845;1;1
507;101;Trade Farm Kft gyűjtőtelep;hrsz 0424/9;Kiskunlacháza;;8935441;1;1
508;101;Berencsi Anita;Bárórész u. 3;Tiszacsege;;8949347;1;1
509;101;Juhász Norbert Dániel;Szövetkezet út 4;Jászberény;;8954857;1;1
510;101;Ferenczik István;Petőfi utca 33/A;Csabdi;;8963897;1;1
511;101;Biró János;Csathó u. 2;Karcag;;8979117;1;1
512;101;Horváth Dávid;Óvoda köz 2.;Hantos;;8988111;1;1
513;101;Kovács Lajos Vince;Tanya II.456;Gyomaendrőd;;902564;1;1
514;101;Vargáné Koncz Anikó;virág utca 4.;Cegléd;;9030998;1;1
515;101;Bos-Frucht Szöv- Kazsok;Rózsa major 1.;Kazsok;;904429;1;1
516;101;Pol'nohospodárske Druzstvo Bátorové Kosilhy;Bátorove Koshy;Bátorove Koshy;;91023081;1;1
517;101;Marhamajor Termelő Kft;Rákóczi u. 45;Méhkerék;;9155293;1;1
518;101;Molnár Csaba;Szérű utca 31/2;Kisoroszi;;9176779;1;1
519;101;Hunland Production Kft. - Zalacséb;major hrsz 113/4;Zalacséb;;9187665;1;0
520;101;Demeter Anita;Arany utca 18;Tiborszállás;;9210800;1;1
521;101;id. Huszár Vendelné;Ady Endre utca 22.;Andocs;;9214255;1;1
522;101;MAjsai Gábor József;Vasut utca 21.;Medgyesbodzás-Gábortelep;;923451;1;1
523;101;Nagykörűi Haladás Mg Zrt;Soványdülő major;Nagykörű;;923536;1;1
524;101;Ifj. Zsüle István e.v.;Kolozsvári utca 13/a;Dunavarsány;;9235964;1;1
525;101;Siter-Halmi Agrár Kft;Nádudvari utca 82;Hajdúszoboszló;;9267998;1;1
526;101;Julius Barth Kft.;Attyapuszta kt. 6;Pápakovácsi;;930134;1;1
527;101;Szilágyi János Imre;Zöldfa u. 61;Karcag;;934084;1;1
528;101;Márkus Imre;Márkus Tanya 0;Tiszafüred;;9392454;1;1
529;101;Antal Attila;Nagymező utca 53.;Alsótold;;940425;1;1
530;101;Bukra Pál;Petőfi u.51.;Sámsonháza;;940500;1;1
531;101;Kecskés Tamás;Kendi tanya 1;Monaj;;9428814;1;1
532;101;Gazsi-Kecskés Krisztina;Ady E. u. 2;Felsővadász;;9428823;1;1
533;101;Tejút Kft;Akácos u. 24/a;Kesztölc;;943293;1;1
534;101;Mocsai Búzakalász Mg-i Term. és Szolg. Szöv.;Kis utva 44;Tompa;;943305;1;1
535;101;Barabás Zoltán Miklós;Zrínyi út 1/A;Babosdöbréte;;9434666;1;1
536;101;dr. Ónodi Csaba;Gombos András u. 45;Hajdúböszörmény;;9437425;1;1
537;101;Merkly-Belusné Kutor Izabella;Felsőerdő u. 36;Nagykanizsa;;9441497;1;1
538;101;Merkly-Belus József Antal;Felsőerdő u. 36;Nagykanizsa;;9441509;1;1
539;101;Skamla Land Kft.;hrsz 042/20;Karakó;;9442748;1;1
540;101;Auer Károly;Petőfi u. 10;Nyőgér;;9445338;1;1
541;101;Baranyai Zsanett;Béke u. 2/A;Nádudvar;;9445422;1;1
542;101;Veres Gyula;Rákóczi utca 33;Báránd;;9465666;1;1
543;101;Agro Berettyó Kft.;Hajdú utca 10;Berettyóújfalu;;9466065;1;1
544;101;Tóth Sándorné;Alkotmány u. 25;Ófehértó;;9472479;1;1
545;101;Belus és Belus Mg. Kft.;Felsőerdő u. 36;Nagykanizsa;;9474361;1;1
546;101;Makai József;Erzsébet u. 76;Egyek;;9475452;1;1
547;101;Nyikos Gábor;Berényi utca 2072/14;csákvár;;9481790;1;1
548;101;Skamla Agro Kft.;hrsz. 042/20;Karakó;;9490936;1;1
549;101;Dr.Fekete Péter Pál;Lehel utca 13;Egyek;;9493272;1;1
550;101;Juhasz Elod;Kutaspuszta tanya 000018/0002;Fedemes;;9493713;1;1
551;101;Fülöp Edina;Kossuth L. u. 4-6 3. em. 3;Balassagyarmat;;9496992;1;1
552;101;Vella-Karkus Kinga;Galamb u. 3;Budapest;;9498839;1;1
553;101;Skamla Agro kft.;hrsz. 042/20;Karakó;;9543285;1;1
554;101;Pál Melinda;Simon I. ltp. 20;Nemesgulács;;9597569;1;1
555;101;Hunland Veal Farm Kft. - Bugyi;0100/1 hrsz.;Bugyi;;9621055;1;0
556;101;dr. Füleki Zsolt;Károly Róbert utca 5.A;Abony;;9629172;1;1
557;101;Csordás Nándor;Rákóczi út 44/a;Bakóca;;9659474;1;1
558;101;Ibránytej Kft;0;0;;966027;1;1
559;101;Berek Farm Kft.;Fő utca 37;Tisztaberek;;966036;1;1
560;101;Bali Imre;Széchényi út 98;Jászfényszaru;;968937;1;1
561;101;Claessens Mezőgazdasági Kft;Nagybaráti puszta;Somogyszob;;971658;1;1
562;101;Németh Zoltán;tanya 000270/0018;Karcag;;972785;1;1
563;101;Hunland Production - Tompa;Örökföld tanya 52. (0318/1 hrsz.);Tompa;;9801408;1;0
564;101;Balogh Gergő;Erzsébet u. 20/a;Tiszacsege;;9806225;1;1
565;101;Karkus Jánosné;Egyetértés út 1/A;Füzesabony;;982067;1;1
566;101;Blahér Mg-i Kft;Kanacsi u.9;Paks;;983055;1;1
567;101;Pikóné Végh Emse;Óvoda u. 45;Tiszacsege;;9836929;1;1
568;101;Hunland Production - Vértesacsa;Vértesacsa;Vértesacsa;;9882672;1;0
569;101;Angus Húsmarha-tenyésztő és Forg. Kft.;Ady E u. 82;Adony;;988881;1;1
570;101;Angus Húsmarha-tenyésztő és Forg. Kft.;Ady E. u. 82/III.;Adony;;988890;1;1
571;101;Szabó János;Jászberényi út 75;Jászfelsőszentgyörgy;;9900325;1;1
572;101;Karkus Zsuzsanna;Radnóti M .utca 117.;Nagyesztergár;;9901153;1;1
573;101;Rinder Major Kft.;III. körzet 168/e;Kiskunfélegyháza;;9902990;1;1
574;101;Veres Szilárd;tanya 59/1;Soltszentimre;;9905311;1;1
575;101;Rio Alto Kft.;Ond vezér út 1.;Kaposvár;;9910960;1;1
576;101;Kormány Zsolt;Rákóczi F. u. 16;Ófehértó;;9911819;1;1
577;101;Hunland Production Kft. Nagyalásony;hrsz. 086/3.;Nagyalásony;;9922862;1;0
578;101;Hunland Production Kft. - Kenyeri;Külterület hrsz. 042/4;Kenyeri;;9922938;1;0
579;101;Csetin Farm Kft.;Hrsz. 0166/1.;Pély;;9923159;1;1
580;101;Megyes Zsolt;Tavaszmező u. 38;Akasztó;;9925470;1;1
581;101;Végh Marcell;József A. u 38.;Szécsény;;9925818;1;1
582;101;Végh Márk Benjamin;Diósy Márton u. 2;Veszprém;;9927782;1;1
583;101;G&G Agro Mezőgazdasági És Kft.;Vasútállomás hrsz: 884/9;Szeged-Szőreg;;9929236;1;1
584;101;Animalis Állatforgalmazási Kft.;Radnóti u. 8;Onga;;993104;1;1
585;101;Boncz Attila;Kisdobos u. 3;Csákvár;;9942127;1;1
586;101;Juhasz Lehel;Egri Csillagok utca 68 3em.3;Eger;;9961636;1;1
587;101;Hantos Roland;Széchenyi utca 16.;Apostag;;9970162;1;1
588;101;Anka István;Peregadacs tanya 88;Kunadacs;;997483;1;1
589;101;Veréb József;Száki utca 30;Szákszend;;9991376;1;1
590;101;ACHI LIVESTOCK TRADING CO SAL;CHWEIFAT, LEBANON;BEIRUT;;15360;1;1
591;101;ADL LYUTA LTD;Montana district;Vladimirovo;;35502;1;1
592;101;Afi Mandilara OE;Chora Naxos;Naxos Naxos;;3833;1;1
593;101;Afyon Helal Et Ve Süt Ürünleri Ltd. Sti;Kocatepe Mah. Yemis Meydani Sk. Mega Cariter;Bayrampasa;;60112020;1;1
594;101;AG Poniky;Dúbravica;Druzstevná;;235756;1;1
595;101;AGR, S.r.o.;farma Neporadza;Neporadza;;135362;1;1
596;101;Agro SAP S.r.o Zvolenská Cesta;Nenice;Nenice;;99126;1;1
597;101;SC AGROLUSERNA SRL;Mihai Viteazu;Judetul Cluj;;5554037132;1;1
598;101;Agro-MD d.o.o;Svetog Save br 6;Donji Žabar;;5551124567;1;1
599;101;Agromir LLC;MEDYAGINO 34;YAROSLAVSKIY;;5555881456;1;1
600;101;Agroplemsouyz  LLC Baltutino;Glinkovskiy district, Smolensk area;Boltutino;;216301;1;1
601;101;AL REBAT AL WATHIQUE CO;Misurata;Misurata;;506170514;1;1
602;101;Alexandria Agriculture;Ahmed Shawky Street Moustafa Kamel;ALEXANDRIA;;828282;1;1
603;101;ALgida Almokhtar company;Tarabulus Tripoli;Tripoli;;20210601;1;1
604;101;Alhakem Company;Alexandria Desert Road - Wadi El Natroun;Cairo;;35257;1;1
605;101;Almomayaz  Aljadeda;0;Misurata;;20210602;1;1
606;101;Almrind GMBH & CO. KG;Koztinger Strasse 9;Traunstein Stadt;;9922335112;1;1
607;101;Animalco a.s.;Na Kocine 1;Praha 6;;1070;1;1
608;101;Ard El Kheir;Osman Tower (2) Luxury;El Madi;;20160327;1;1
609;101;Arvum, Polnohospodárske druzstvo;Körtvélyesská 490/30;Vrakún;;400123;1;1
610;101;ASAD SALEMABUOUODEH AND HISPARTNER;0;0;;20140513;1;1
611;101;Atis Bilisim;Londra Camping Tesisleri A Blok No 18 Kapikule;EDIRNE;;22130;1;1
612;101;Berak D.o.o;Kralja Tomislava bb;Semeljci;;7733705144;1;1
613;101;Besler Et Gıda Lok. Hay. Tic. Ltd;Şti., İstiklal Mah. Şehit Fahri Koçyiğit Sok. 37;Malatya;;5625845;1;1
614;101;BLAN BAZAR COMPANY FOR MEATS AND GENERAL TRADING;100 ROAD;ERBIL;;3545555;1;1
615;101;Bogazpinar Hayvancilik A.S.;Bogazpinar Sok 322;Manyas Balikesir;;98798769;1;1
616;101;Bovimpex Bucovina S.R.L.;STR Republicil Nr 30Ap.9;Oradea;;34096;1;1
617;101;Bozen Import GmbH;Hauptstrasse 9;RITTEN-UNTERIN;;7306;1;1
618;101;Cantachin Nicola;Via Modon n. 34;Albaredo D' Adige;;2089;1;1
619;101;Cerenler Petrol Ürn. T. G. I. H. S. T. Ltd;Catova Mah. No 315;Elbistan;;5666485;1;1
620;101;CO.BE.R spol sro;Michalovska 1.;Sobrance;;1398;1;1
621;101;De-Levie Agriculture Products Ltd.;Mehola;Mehola;;9580;1;1
622;101;Diamond Genetics B.V.;Trawlerweg 19;Zwolle;;8042;1;1
623;101;Dora Livestock;Nahr El Mott - Ain Saade Industrial Zone;Ain Saade;;12795;1;1
624;101;Duna Livestock Trading Kft;Üllői út 40. 3 em 3.;Budapest;;9874789999;1;1
625;101;Dzeza Dooel;Studenicani Ul. 6 br 2013;Studenicani;;2013;1;1
626;101;Egley Tal Shivuk;PO: Box 55;MOSHAV BATZRA;;1078;1;1
627;101;Elrehaab Impexp;30 Hafz Badwe, Nasr City;Cairo;;91023082;1;1
628;101;ELSanta For Import And Export;Elsanta Elbalad;Gharbya;;2016;1;1
629;101;Ersan Grup Tarim Hayvancilik VE Turiz;Cigir köyü sokak n. 93;Ankara;;9959833421;1;1
630;101;Eurocom S.n.c Di Forato A&Sadocco G.;Via Rossini 3/A;Asolo Italy;;2023062;1;1
631;101;Evrosomstream LLC;Beshrobot Kurgoni, Navbakhor district;Navoii regio;;5464866;1;1
632;101;F.LLi Lauri SRL;Via S.Maria Delle Grazie;Nocera Superiore;;5555489711;1;1
633;101;Farma Blatiny - CZ S.R.O;Jívoví c. 78;Krizanov;;61909027;1;1
634;101;Farmati Team Kft.;Ady Endre Utca 15;Újlengyel;;1;1;1
635;101;Firma KOJS Miroslaw Kojs;ul. Spóldzielcow 1;Jablonka;;34480;1;1
636;101;Fispera Martin;Bernartice 19;Bor U Tachova;;34802;1;1
637;101;Fleckvieh Export Miesbach GmbH;Miesbach - Zuchtverband 1;Stadt;;20208041;1;1
638;101;FlexFood SRL;Principala, FN;Zoltan;;527098;1;1
639;101;Fyzokol S.r.o Cierny Brod;Cierny Brod c 450;Cierny Brod;;92508;1;1
640;101;Gavrilidis Avraam;Choristi;Drama;;66100;1;1
641;101;General Cooperative For Developing;132 EL-TAHRIR ST. - DOKKY GIZA;LE-CAIRE;;67;1;1
642;101;Gold-MG D.O.O;Svetog Save br 6;Donji Zabar;;5544545;1;1
643;101;Habibulla Sodiq Private Enterprise;Gurla district, Horezm area;Birlashgan;;2;1;1
644;101;Hasanpasa Gida Hayvancilik Tur. Vet.;Eski Turpazari;Cerkes/Cankiri;;91029011;1;1
645;101;Hasanpasa Hayvancilik Tur. Ins;Eski Turpazari;Cerkes/Cankiri;;91029001;1;1
646;101;Hayat Besicilik et gida ins San. Ticaret. Ltd. Sti;PTT Card Tenzile sok. No. 5.;Malatya;;20141219;1;1
647;101;HAYAT YEM GIDA TARIM VE HAYVANCILIK SANAYI TICARET;Organize Sanayui Bölgesi 2.Cadde Yesilyurt;MALATYA;;26108;1;1
648;101;HOLES S.ro;Janova Lehota 274;Janova Lehota;;96624;1;1
649;101;Hunland GmbH;Stromberg 5-7;Isselburg;;7690;1;0
650;101;Hunland Impex BV;Ehringveld 5.;Westendorp;;16426;1;0
651;101;Hunland Trade D.O.O.;Marsala Tita 116;Cantavir;;8006860091;1;0
652;101;Hunland Trade D.O.O. - /KARANTÉN/;Marsala Tita 116;Cantavir;;8006860090;1;0
653;101;Hunland Trade Slovakia;Horna Poton;Horna Poton;;93036;1;0
654;101;Hunland Trade Slovakia, S.r.o;0;0;;10786;1;0
655;101;Huqoul Algheda;Misurata;Misurata;;20210603;1;1
656;101;Impex DMD D.O.O;Josipa JurjaStrossmajera 175;Virovitica;;333456346;1;1
657;101;Ing. Juranova Lenka;Soumer 57;Bor U Tachova;;348021;1;1
658;101;International Livestock Company Misurata;Líbia;Misratah;;15022021;1;1
659;101;ISTRA -  Malé Dvorinky.spol.s R.o.;Farma MD;Malé Dvoniky;;400125;1;1
660;101;JOKA-Marecek s.r.o.;Nové Mesto Na Morave;Olsená;;14;1;1
661;101;JSC Agroplem Soyuz;Spasskaya Str;Sadovaya Orosz Föderáció;;666551234;1;1
662;101;KB Baltic Cattle;Donelacio 2;Kaunas;;44200;1;1
663;101;Khalifehlivestock Trading Co.;Kenarit  Khalifeh Farm;SAIDA;;1705;1;1
664;101;Kiriakopoulou Eleni;P. Pithagora 1;Missiria Rethmno;;930049;1;1
665;101;KLAS S.r.o., Osloboditel'ov 66, 990 01 Vel'ky Krtí;Osloboditelov 66;Nenince;;302838;1;1
666;101;KMR Livestock Europe Ltd. OÜ;Narva mnt 63 1st. Floor;Tallin;;10013;1;1
667;101;KOOP BENDROVE BALTIC CATTLE;K: DONELAICIO G2;Kaunas;;44213;1;1
668;101;KORINAPROIZVODNJA D.O.o.;Vukovarska BB;Rajic;;44323;1;1
669;101;Kroes und Jansma;Dreenkrögener Drift;Dreenkrögen;;2740;1;1
670;101;Kulmon-Skoda S.R.O.;Zeyerova 560/25;Liberec 1;;17453556;1;1
671;101;Lahham Livestock & Meat Trading Corp;Wadi Abdoun Pricess Basma Street Complex No.19;Amman;;5959982123;1;1
672;101;LLC Pachelmskoe hozyaistvo;Prospect Pobedy 42;Penza;;5628462;1;1
673;101;LTD Navbahor Bo'rdoqchilik chorvasi;Navbahor district;Navoi region;;5985616;1;1
674;101;Mahmoud Al Ayyat and Sons Co.;Wasfi Attal Street;Amman;;14555;1;1
675;101;Marmari LLC;Dashtobod, Obshoron countryside, Yavan district;Hatlon region;;5614646;1;1
676;101;Martinjak D.o.o;Vinogradska 67;Sveti Petar;;30173019;1;1
677;101;Masterrind GmbH-Sammelstelle MeiBen;Schlettaer StraBe 8;MeiBen, Stadt;;910230312;1;1
678;101;MCKEEN-BEEF Ubojnia;LInne 47;Dobra K Turku;;9512563987;1;1
679;101;MED Livestock Company;Office 7E, PLOT 712;Ghaziyah;;170820;1;1
680;101;Megart a.s. Zemianska Olca;Pri statnej cesta 63;Zemianska Olca;;401012;1;1
681;101;Meli-Shpk;Konushevci 22/1;ILIR;;1987562489;1;1
682;101;Mesna Industrija Ravlic D.O.O;Cvrsnicka 4;Osijek;;5454555;1;1
683;101;Mustafa Karaman;Battalgazi Mahallesi Eski Bugday Pazari 92;Malatya;;6009412295;1;1
684;101;Mustafa Pektas;Topas Mahallesi Battalgazi;Malatya;;19930724;1;1
685;101;Norbert Marcher GMBH;Lagergasse 158;Graz;;61891;1;1
686;101;NOVI AGRAR D.O.O.Za Gmbh;Dakovstina 3;Osijek;;4953;1;1
687;101;3703517;Új utca 3.;Zsana;;3703517;1;1
688;101;OPG Dekalic Kristijan;Doljani 29.;Sandrovac;;13784;1;1
689;101;OPG Duro Konjacic;Marinovec 32;Krizevci;;50026133;1;1
690;101;OPG Petrovic Dragoljub;Mitrovićeva 121;Bobota;;50157728;1;1
691;101;Pandoğa Sanayi Ve Ticaret A.Ş.;Gebedüve Tesisi  İncesu Kayseri;Semerkent Mah. Bölükler;;600;1;1
692;101;PD Vlára Nemsová;Trencianska;Klucove;;300873;1;1
693;101;PET MB Agrar D.o.o;Kamenova bb;Subotište;;8033080019;1;1
694;101;Pinsos Ursa SL CRTA Balaguer S6N;Anglesola;Anglesola;;25320;1;1
695;101;Pol’nohospodárske družstvo;Gbelská cesta;Bátorove Kosihy;;200943;1;1
696;101;Pol'nohospodárske druzstvo v Búci;Búc;Búc;;200945;1;1
697;101;Pol'nohospodárske Druzstvo So Sídlom V Lokci-Bit;Lokca 54;Lokca;;20092;1;1
698;101;Pol'nohospodárske druzstvo Vrbovská cesta;Vrbovská cesta 125;Piestany;;200207;1;1
699;101;Puledro SARL;floor 0, build. no 29 str no 11;Cornet Chahwan;;2232342;1;1
700;101;Racing Car S.r.o;Kostolné námestie 6;Michalovce;;7101;1;1
701;101;Ramazan Akca;Aci Öz Mah. Maden sok. No. 21;Kirsehir Mucur;;180021942;1;1
702;101;Ranc d.o.o.;Subiceva;Slavonski Brod;;35000;1;1
703;101;RASSEM TRADING CO;AGHA BLDG 1St Floor Charles de Gaulle Avenue,;Beirut;;1500079999;1;1
704;101;RIAL-Agro LLC;Berezovaya Street 1;Uchebnoye Prokhladnensky;;91020140;1;1
705;101;S.C.Roveka Farm Impex S.R.L.;Str. Ianosda 592-593;Madaras;;419003;1;1
706;101;Sami Ndreci B.I.;Pristina;Pristina;;3839999999;1;1
707;101;Sanad Libyan company For Importing Livestock;Misratah Missurata;Missurata;;30032021;1;1
708;101;Sarl Falguier;La Vitarelle;Montpeyroux;;12210;1;1
709;101;SC Ferma Zootehnica srl;Str. Depozitelor nr. 5.;Baia Mare;;5568;1;1
710;101;Seversky Donets Dairy Company LLC;Dzgoeva Street 4;Belgorod;;91022072;1;1
711;101;"SIA ""Liellopu Izsolu Nams""";Krasti, Mazzalves pl.;Neretas;;5540303735;1;1
712;101;SIA Hunland Baltics;"Serenes Municip ""Jaunjelgavas";Birzes;;1615868;1;0
713;101;SIA Janssen Livestock Latvia;Vincenti;Ceraukstes Municip Bauskas;;42342;1;1
714;101;Sirena D.O.O.;Savska BB;Bosnjaci;;10006668;1;1
715;101;Sirjan d.o.o;GORNJA RIJEKA;KRIZEVCI;;555991123;1;1
716;101;Skokic d.o.o.;Put Stirinje 68;Kastel Sucurac;;21212;1;1
717;101;Skolské Hospodárstvo spol. s.r.o.;Dunajsky Klátov;Dunajsky Klátov;;200143;1;1
718;101;Sobir Chini LLC;Gurlan district Horezma area;Gulistan MFY;;1011;1;1
719;101;Söke Et Et Ürünleri San. Tic. Ltd. Sti.;Bagarasi Yolu Sagi No 1 Söke;V D SÖKE;;16100;1;1
720;101;Soxibkor Tog'ay Ch. N.F.X;Ovchi QFY;Fergana;;35371;1;1
721;101;Srem Sid D.O.O.;Janka Veselinovica 15.;Sid;;22240;1;1
722;101;TzOV Buchachxlibprom;Galytska str 160;Buchach (Ternopil region);;20207060;1;1
723;101;UAB Milkona;Mokyklos g. 12,;Udraliu k.;;1152790109;1;1
724;101;UAB Raskafas;Kybartéliu k. Raseiniu raj.;Raseiniai;;20204030;1;1
725;101;Union MZ D.O.O.;Knez Milosev BB;Pozarevac;;34931;1;1
726;101;V.d. Bunt Schüssler;Hoevelakerveenweg 10;Hoevelaken;;189032902;1;1
727;101;VAN DAM IMPORT EN EXPORT BV;Singel 10;Tytsjerk;;2022;1;1
728;101;Van Dam Naturalys GmbH;Industrie str 6.;Suedlohn;;80009701;1;1
729;101;Verbilovskoye LLC;Lipetsk district;Lipetsk;;20207061;1;1
730;101;VETERINARSKA STANICA VARAŽDIN;TRG IVANA PERKOVCA 24;Varaždin;;20204022;1;1
731;101;Viastar Ltd.;Crossakiel, Kells, Co. Meath;Carrick;;506;1;1
732;101;Viehhandlung Dirk Limpert;Engelsbergstr. 6;Tann;;310232095;1;1
